村里代碼,村里,人口數,病例數,發生率
6500100-009,新北市板橋區香社里,4570,1,0.000219
6500100-030,新北市板橋區純翠里,5672,1,0.000176
6500100-057,新北市板橋區海山里,8705,1,0.000115
6500200-103,新北市三重區慈祐里,5026,1,0.000199
6500300-007,新北市中和區連和里,2442,1,0.00041
6500300-025,新北市中和區新南里,8475,1,0.000118
6500300-033,新北市中和區秀仁里,3339,1,0.000299
6500300-080,新北市中和區福南里,4569,1,0.000219
6500500-002,新北市新莊區頭前里,6897,1,0.000145
6500900-011,新北市三峽區嘉添里,2664,1,0.000375
6501000-008,新北市淡水區崁頂里,8394,1,0.000119
6501000-012,新北市淡水區北投里,9693,1,0.000103
6501100-031,新北市汐止區自強里,5257,1,0.00019
6501100-046,新北市汐止區秀山里,4640,1,0.000216
6501200-002,新北市瑞芳區龍興里,2309,1,0.000433
6501200-012,新北市瑞芳區吉安里,3495,1,0.000286
6501400-019,新北市蘆洲區玉清里,5990,1,0.000167
6501400-031,新北市蘆洲區長安里,5416,1,0.000185
6501500-006,新北市五股區成功里,5856,1,0.000171
6300100-012,台北市松山區龍田里,11255,1,8.9E-5
6300100-024,台北市松山區新聚里,8372,1,0.000119
6300200-001,台北市信義區西村里,6182,1,0.000162
6300200-013,台北市信義區五全里,5226,1,0.000191
6300200-030,台北市信義區三張里,9388,1,0.000107
6300200-032,台北市信義區六合里,7160,1,0.00014
6300200-038,台北市信義區黎順里,4295,1,0.000233
6300300-040,台北市大安區龍淵里,10359,1,9.7E-5
6300300-056,台北市大安區光信里,8319,1,0.00012
6300400-029,台北市中山區江山里,7818,1,0.000128
6300500-004,台北市中正區林興里,4959,1,0.000202
6300500-019,台北市中正區南福里,11273,1,8.9E-5
6300700-027,台北市萬華區保德里,3545,1,0.000282
6300800-010,台北市文山區萬年里,5664,1,0.000177
6300800-014,台北市文山區興光里,3668,1,0.000273
6300800-040,台北市文山區政大里,7907,1,0.000126
6301000-008,台北市內湖區港華里,9625,1,0.000104
6301000-022,台北市內湖區五分里,11904,1,8.4E-5
6301100-014,台北市士林區明勝里,5199,1,0.000192
6301100-015,台北市士林區福順里,5611,1,0.000178
6301100-031,台北市士林區芝山里,7975,1,0.000125
6800100-013,桃園市桃園區東門里,3342,1,0.000299
6800100-020,桃園市桃園區中和里,1586,1,0.000631
6800100-023,桃園市桃園區中山里,7634,1,0.000131
6800100-046,桃園市桃園區大興里,12012,1,8.3E-5
6800100-057,桃園市桃園區大有里,6193,2,0.000323
6800100-058,桃園市桃園區寶山里,9454,1,0.000106
6800100-070,桃園市桃園區中聖里,6494,1,0.000154
6800200-005,桃園市中壢區內壢里,2555,1,0.000391
6800200-009,桃園市中壢區自強里,4051,4,0.000987
6800200-012,桃園市中壢區仁美里,6634,2,0.000301
6800200-027,桃園市中壢區內定里,7950,1,0.000126
6800200-044,桃園市中壢區五權里,7172,1,0.000139
6800200-047,桃園市中壢區月眉里,5581,1,0.000179
6800200-072,桃園市中壢區仁福里,5469,1,0.000183
6800200-079,桃園市中壢區健行里,5890,1,0.00017
6800400-022,桃園市楊梅區員本里,3058,1,0.000327
6800500-002,桃園市蘆竹區中福里,4192,1,0.000239
6800500-007,桃園市蘆竹區南崁里,3931,1,0.000254
6800500-020,桃園市蘆竹區錦中里,3760,1,0.000266
6800500-025,桃園市蘆竹區營盤里,5473,1,0.000183
6800600-002,桃園市大園區田心里,7588,1,0.000132
6800600-007,桃園市大園區埔心里,7199,1,0.000139
6800600-010,桃園市大園區三石里,3530,1,0.000283
6800700-004,桃園市龜山區大同里,6843,2,0.000292
6800700-009,桃園市龜山區公西里,1372,1,0.000729
6800700-010,桃園市龜山區樂善里,4057,1,0.000246
6800700-030,桃園市龜山區新興里,3228,1,0.00031
6800800-021,桃園市八德區大忠里,2220,1,0.00045
6800800-024,桃園市八德區大信里,4352,1,0.00023
6800900-003,桃園市龍潭區烏林里,4597,1,0.000218
6801000-001,桃園市平鎮區雙連里,5743,1,0.000174
6801000-002,桃園市平鎮區高雙里,5105,1,0.000196
6801000-005,桃園市平鎮區義民里,6068,1,0.000165
6801000-031,桃園市平鎮區廣達里,4271,1,0.000234
6801000-045,桃園市平鎮區平安里,5128,1,0.000195
6600100-004,台中市中區公園里,1978,1,0.000506
6600300-003,台中市南區南門里,4030,1,0.000248
6600300-010,台中市南區和平里,4508,1,0.000222
6600300-011,台中市南區永興里,8718,1,0.000115
6600300-016,台中市南區長榮里,3221,1,0.00031
6600300-019,台中市南區南和里,7781,1,0.000129
6600400-011,台中市西區民龍里,3830,1,0.000261
6600500-010,台中市北區金華里,2774,1,0.00036
6600500-021,台中市北區健行里,7562,2,0.000264
6600600-018,台中市西屯區永安里,15041,4,0.000266
6600600-019,台中市西屯區福安里,3364,1,0.000297
6600600-029,台中市西屯區逢福里,6460,1,0.000155
6600600-032,台中市西屯區何福里,5124,1,0.000195
6600700-018,台中市南屯區向心里,5781,1,0.000173
6600800-035,台中市北屯區平心里,5700,1,0.000175
6600800-038,台中市北屯區平陽里,5901,1,0.000169
6600900-028,台中市豐原區中陽里,7089,1,0.000141
6600900-033,台中市豐原區翁明里,2555,1,0.000391
6601000-005,台中市東勢區延平里,2806,1,0.000356
6601300-005,台中市沙鹿區興仁里,3092,1,0.000323
6601300-009,台中市沙鹿區竹林里,9039,1,0.000111
6601300-016,台中市沙鹿區埔子里,5998,1,0.000167
6601800-011,台中市大雅區四德里,5518,1,0.000181
6601900-005,台中市新社區崑山里,1385,1,0.000722
6602300-012,台中市烏日區溪埧里,5278,1,0.000189
6602500-004,台中市龍井區田中里,4095,1,0.000244
6602500-011,台中市龍井區龍泉里,8461,1,0.000118
6602500-016,台中市龍井區東海里,9381,1,0.000107
6602700-034,台中市太平區豐年里,5081,1,0.000197
6602800-017,台中市大里區瑞城里,14293,1,7.0E-5
6602800-024,台中市大里區長榮里,10582,1,9.5E-5
6700100-001,台南市新營區忠政里,5643,1,0.000177
6700100-002,台南市新營區民權里,3017,2,0.000663
6700100-003,台南市新營區三仙里,3417,6,0.001756
6700100-004,台南市新營區好平里,914,8,0.008753
6700100-005,台南市新營區延平里,1301,29,0.022291
6700100-006,台南市新營區永生里,1172,4,0.003413
6700100-007,台南市新營區大宏里,3776,4,0.001059
6700100-008,台南市新營區王公里,5220,1,0.000192
6700100-011,台南市新營區興安里,446,3,0.006726
6700100-012,台南市新營區南興里,2896,5,0.001727
6700100-013,台南市新營區興業里,1720,2,0.001163
6700100-014,台南市新營區民生里,3927,1,0.000255
6700100-015,台南市新營區民榮里,5267,10,0.001899
6700100-020,台南市新營區南紙里,4303,3,0.000697
6700100-027,台南市新營區新北里,5555,3,0.00054
6700100-028,台南市新營區新南里,5653,2,0.000354
6700100-029,台南市新營區新東里,7894,2,0.000253
6700200-002,台南市鹽水區福得里,757,1,0.001321
6700200-004,台南市鹽水區武廟里,621,1,0.00161
6700200-005,台南市鹽水區中境里,598,1,0.001672
6700200-007,台南市鹽水區水正里,878,2,0.002278
6700200-008,台南市鹽水區橋南里,4368,3,0.000687
6700200-011,台南市鹽水區岸內里,4289,1,0.000233
6700200-013,台南市鹽水區下中里,864,1,0.001157
6700300-011,台南市白河區仙草里,1560,2,0.001282
6700300-013,台南市白河區玉豐里,1441,2,0.001388
6700300-017,台南市白河區蓮潭里,1015,1,0.000985
6700400-001,台南市柳營區士林里,1889,2,0.001059
6700400-002,台南市柳營區光福里,2175,1,0.00046
6700400-004,台南市柳營區東昇里,3147,1,0.000318
6700400-005,台南市柳營區八翁里,1536,3,0.001953
6700400-006,台南市柳營區人和里,872,2,0.002294
6700400-009,台南市柳營區篤農里,1538,1,0.00065
6700400-010,台南市柳營區大農里,754,1,0.001326
6700500-009,台南市後壁區仕安里,629,1,0.00159
6700500-010,台南市後壁區竹新里,1616,1,0.000619
6700600-002,台南市東山區東中里,2894,1,0.000346
6700700-001,台南市麻豆區穀興里,796,2,0.002513
6700700-002,台南市麻豆區保安里,656,2,0.003049
6700700-003,台南市麻豆區東角里,3182,3,0.000943
6700700-004,台南市麻豆區晋江里,2976,1,0.000336
6700700-007,台南市麻豆區興農里,1836,2,0.001089
6700700-008,台南市麻豆區新建里,1434,2,0.001395
6700700-009,台南市麻豆區油車里,4252,1,0.000235
6700700-011,台南市麻豆區大埕里,3470,1,0.000288
6700700-013,台南市麻豆區龍泉里,873,1,0.001145
6700700-014,台南市麻豆區南勢里,2670,2,0.000749
6700700-017,台南市麻豆區埤頭里,1599,3,0.001876
6700700-022,台南市麻豆區麻口里,1263,4,0.003167
6700700-024,台南市麻豆區安業里,728,1,0.001374
6700700-027,台南市麻豆區中民里,964,1,0.001037
6700700-029,台南市麻豆區磚井里,1373,1,0.000728
6700800-004,台南市下營區後街里,1855,1,0.000539
6700800-011,台南市下營區開化里,2276,2,0.000879
6700800-013,台南市下營區賀建里,1537,1,0.000651
6700800-014,台南市下營區甲中里,1290,1,0.000775
6700900-001,台南市六甲區六甲里,3513,2,0.000569
6700900-002,台南市六甲區甲東里,3144,1,0.000318
6700900-007,台南市六甲區水林里,2595,1,0.000385
6700900-009,台南市六甲區龜港里,1291,1,0.000775
6701000-001,台南市官田區官田里,2406,5,0.002078
6701000-002,台南市官田區二鎮里,3459,3,0.000867
6701000-003,台南市官田區湖山里,1106,2,0.001808
6701000-005,台南市官田區大崎里,479,1,0.002088
6701000-012,台南市官田區渡頭里,2488,1,0.000402
6701100-001,台南市大內區石湖里,1183,1,0.000845
6701100-003,台南市大內區石城里,1749,1,0.000572
6701100-007,台南市大內區頭社里,1134,2,0.001764
6701100-009,台南市大內區二溪里,962,1,0.00104
6701200-001,台南市佳里區東寧里,2063,6,0.002908
6701200-003,台南市佳里區鎮山里,6601,7,0.00106
6701200-004,台南市佳里區建南里,10001,6,0.0006
6701200-005,台南市佳里區安西里,14061,12,0.000853
6701200-006,台南市佳里區六安里,4780,5,0.001046
6701200-007,台南市佳里區佳化里,2452,1,0.000408
6701200-008,台南市佳里區禮化里,1067,1,0.000937
6701200-009,台南市佳里區興化里,1441,1,0.000694
6701200-015,台南市佳里區嘉福里,1040,1,0.000962
6701200-016,台南市佳里區通興里,1126,1,0.000888
6701300-001,台南市學甲區仁得里,4568,1,0.000219
6701300-002,台南市學甲區新榮里,2583,2,0.000774
6701300-003,台南市學甲區光華里,1457,2,0.001373
6701300-005,台南市學甲區慈福里,2325,1,0.00043
6701300-006,台南市學甲區秀昌里,2807,1,0.000356
6701300-007,台南市學甲區明宜里,2330,9,0.003863
6701300-010,台南市學甲區新達里,2471,1,0.000405
6701300-012,台南市學甲區三慶里,1636,2,0.001222
6701300-013,台南市學甲區中洲里,1699,2,0.001177
6701400-002,台南市西港區南海里,2794,1,0.000358
6701400-005,台南市西港區後營里,1666,1,0.0006
6701400-008,台南市西港區劉厝里,1469,1,0.000681
6701400-009,台南市西港區竹林里,1376,2,0.001453
6701400-012,台南市西港區慶安里,5213,2,0.000384
6701500-004,台南市七股區篤加里,974,1,0.001027
6701500-013,台南市七股區大寮里,1182,1,0.000846
6701500-014,台南市七股區看坪里,851,1,0.001175
6701500-017,台南市七股區中寮里,821,1,0.001218
6701500-019,台南市七股區義合里,1290,1,0.000775
6701500-023,台南市七股區十份里,1609,1,0.000622
6701600-002,台南市將軍區西華里,1573,2,0.001271
6701600-005,台南市將軍區嘉昌里,1010,1,0.00099
6701600-014,台南市將軍區廣山里,742,1,0.001348
6701800-001,台南市新化區武安里,2132,2,0.000938
6701800-002,台南市新化區東榮里,4662,6,0.001287
6701800-004,台南市新化區太平里,5081,8,0.001574
6701800-005,台南市新化區中央里,458,1,0.002183
6701800-009,台南市新化區協興里,3920,2,0.00051
6701800-010,台南市新化區唪口里,2577,1,0.000388
6701800-011,台南市新化區北勢里,1661,1,0.000602
6701800-012,台南市新化區豐榮里,3729,5,0.001341
6701800-013,台南市新化區全興里,3263,7,0.002145
6701800-014,台南市新化區崙頂里,2316,3,0.001295
6701800-015,台南市新化區知義里,2557,2,0.000782
6701800-018,台南市新化區拔里,2534,3,0.001184
6701900-001,台南市善化區東關里,1376,15,0.010901
6701900-003,台南市善化區光文里,6571,7,0.001065
6701900-004,台南市善化區文昌里,3293,11,0.00334
6701900-005,台南市善化區南關里,2190,6,0.00274
6701900-007,台南市善化區北關里,580,5,0.008621
6701900-009,台南市善化區胡家里,1470,2,0.001361
6701900-011,台南市善化區什乃里,1451,2,0.001378
6701900-012,台南市善化區溪美里,2186,1,0.000457
6701900-013,台南市善化區六分里,814,1,0.001229
6701900-015,台南市善化區田寮里,2006,2,0.000997
6701900-016,台南市善化區東隆里,1033,2,0.001936
6701900-019,台南市善化區嘉北里,1826,1,0.000548
6701900-020,台南市善化區嘉南里,1208,1,0.000828
6701900-021,台南市善化區小新里,6902,5,0.000724
6702000-001,台南市新市區新市里,3163,4,0.001265
6702000-002,台南市新市區新和里,7300,5,0.000685
6702000-003,台南市新市區社內里,2757,2,0.000725
6702000-005,台南市新市區豐華里,1119,1,0.000894
6702000-006,台南市新市區三舍里,2044,5,0.002446
6702000-007,台南市新市區大營里,3783,3,0.000793
6702000-008,台南市新市區大社里,5195,1,0.000192
6702000-009,台南市新市區潭頂里,2078,1,0.000481
6702000-010,台南市新市區港墘里,3995,1,0.00025
6702000-011,台南市新市區永就里,3417,8,0.002341
6702100-001,台南市安定區蘇林里,2494,4,0.001604
6702100-002,台南市安定區蘇厝里,2410,2,0.00083
6702100-007,台南市安定區中榮里,1982,3,0.001514
6702100-008,台南市安定區港口里,3328,5,0.001502
6702100-009,台南市安定區港南里,2997,3,0.001001
6702100-011,台南市安定區六嘉里,1761,1,0.000568
6702100-012,台南市安定區中沙里,809,2,0.002472
6702100-013,台南市安定區新吉里,2849,3,0.001053
6702100-014,台南市安定區海寮里,2950,5,0.001695
6702100-015,台南市安定區管寮里,1097,1,0.000912
6702200-002,台南市山上區南洲里,1855,2,0.001078
6702200-005,台南市山上區玉峯里,614,1,0.001629
6702200-006,台南市山上區平陽里,412,2,0.004854
6702300-001,台南市玉井區玉井里,900,1,0.001111
6702300-002,台南市玉井區玉田里,4718,1,0.000212
6702300-003,台南市玉井區中正里,1444,1,0.000693
6702300-008,台南市玉井區望明里,1757,2,0.001138
6702400-005,台南市楠西區鹿田里,1136,2,0.001761
6702400-007,台南市楠西區東勢里,2680,4,0.001493
6702500-001,台南市南化區南化里,1615,2,0.001238
6702500-006,台南市南化區西埔里,924,1,0.001082
6702500-008,台南市南化區玉山里,1169,1,0.000855
6702600-001,台南市左鎮區光和里,433,2,0.004619
6702600-008,台南市左鎮區岡林里,468,2,0.004274
6702600-009,台南市左鎮區草山里,355,1,0.002817
6702700-001,台南市仁德區太子里,6130,13,0.002121
6702700-002,台南市仁德區土庫里,2993,3,0.001002
6702700-003,台南市仁德區一甲里,3103,4,0.001289
6702700-004,台南市仁德區仁德里,8497,23,0.002707
6702700-005,台南市仁德區仁義里,10550,9,0.000853
6702700-006,台南市仁德區新田里,3789,2,0.000528
6702700-007,台南市仁德區後壁里,10427,15,0.001439
6702700-008,台南市仁德區上崙里,6242,6,0.000961
6702700-009,台南市仁德區田厝里,1598,1,0.000626
6702700-010,台南市仁德區三甲里,939,2,0.00213
6702700-011,台南市仁德區保安里,3154,5,0.001585
6702700-012,台南市仁德區成功里,5169,11,0.002128
6702700-013,台南市仁德區仁和里,1292,6,0.004644
6702700-014,台南市仁德區仁愛里,1584,5,0.003157
6702700-015,台南市仁德區二行里,2433,8,0.003288
6702700-016,台南市仁德區大甲里,2519,4,0.001588
6702700-017,台南市仁德區中洲里,1496,3,0.002005
6702800-001,台南市歸仁區南保里,7179,4,0.000557
6702800-002,台南市歸仁區六甲里,4366,3,0.000687
6702800-003,台南市歸仁區歸仁里,2723,2,0.000734
6702800-004,台南市歸仁區後市里,3977,2,0.000503
6702800-005,台南市歸仁區辜厝里,3860,1,0.000259
6702800-006,台南市歸仁區許厝里,3919,5,0.001276
6702800-008,台南市歸仁區看東里,2135,2,0.000937
6702800-009,台南市歸仁區崙頂里,3389,3,0.000885
6702800-010,台南市歸仁區沙崙里,811,1,0.001233
6702800-011,台南市歸仁區大潭里,2082,5,0.002402
6702800-012,台南市歸仁區武東里,2109,4,0.001897
6702800-013,台南市歸仁區八甲里,3051,2,0.000656
6702800-014,台南市歸仁區七甲里,3576,3,0.000839
6702800-015,台南市歸仁區媽廟里,2440,1,0.00041
6702800-016,台南市歸仁區西埔里,1964,3,0.001527
6702800-017,台南市歸仁區大廟里,3039,5,0.001645
6702800-018,台南市歸仁區南興里,5045,3,0.000595
6702800-019,台南市歸仁區新厝里,2988,1,0.000335
6702800-020,台南市歸仁區歸南里,2702,4,0.00148
6702800-021,台南市歸仁區文化里,3806,1,0.000263
6702900-001,台南市關廟區關廟里,2464,2,0.000812
6702900-003,台南市關廟區香洋里,3830,5,0.001305
6702900-004,台南市關廟區北勢里,2849,1,0.000351
6702900-010,台南市關廟區南花里,1689,1,0.000592
6702900-011,台南市關廟區北花里,2520,1,0.000397
6702900-013,台南市關廟區布袋里,1465,1,0.000683
6702900-014,台南市關廟區田中里,863,1,0.001159
6702900-016,台南市關廟區埤頭里,1911,1,0.000523
6703100-001,台南市永康區五王里,6770,126,0.018612
6703100-002,台南市永康區網寮里,7920,12,0.001515
6703100-003,台南市永康區永康里,10519,31,0.002947
6703100-004,台南市永康區埔園里,12746,32,0.002511
6703100-005,台南市永康區大橋里,6752,81,0.011996
6703100-006,台南市永康區王行里,3005,6,0.001997
6703100-007,台南市永康區烏竹里,3213,2,0.000622
6703100-008,台南市永康區蔦松里,2082,5,0.002402
6703100-009,台南市永康區三民里,1682,2,0.001189
6703100-010,台南市永康區塩行里,10100,41,0.004059
6703100-011,台南市永康區甲頂里,2695,68,0.025232
6703100-012,台南市永康區大灣里,4249,2,0.000471
6703100-013,台南市永康區東灣里,4417,3,0.000679
6703100-014,台南市永康區西灣里,8782,9,0.001025
6703100-015,台南市永康區南灣里,4639,9,0.00194
6703100-016,台南市永康區崑山里,7368,12,0.001629
6703100-017,台南市永康區北灣里,10758,17,0.00158
6703100-018,台南市永康區新樹里,1772,3,0.001693
6703100-019,台南市永康區復興里,2275,11,0.004835
6703100-020,台南市永康區復國里,9086,34,0.003742
6703100-021,台南市永康區建國里,1939,3,0.001547
6703100-022,台南市永康區神洲里,1360,7,0.005147
6703100-023,台南市永康區西勢里,7806,10,0.001281
6703100-024,台南市永康區成功里,2403,13,0.00541
6703100-025,台南市永康區中興里,3893,27,0.006936
6703100-026,台南市永康區勝利里,8774,106,0.012081
6703100-027,台南市永康區龍潭里,12591,19,0.001509
6703100-029,台南市永康區塩洲里,6872,20,0.00291
6703100-030,台南市永康區二王里,9429,82,0.008697
6703100-031,台南市永康區六合里,6376,39,0.006117
6703100-032,台南市永康區三合里,4045,28,0.006922
6703100-033,台南市永康區東橋里,5609,21,0.003744
6703100-034,台南市永康區安康里,5761,107,0.018573
6703100-035,台南市永康區西橋里,3693,68,0.018413
6703100-036,台南市永康區尚頂里,4590,42,0.00915
6703100-037,台南市永康區復華里,11037,38,0.003443
6703100-038,台南市永康區正強里,9358,18,0.001923
6703100-039,台南市永康區中華里,3100,18,0.005806
6703200-001,台南市東區富裕里,2570,49,0.019066
6703200-002,台南市東區裕農里,3596,25,0.006952
6703200-003,台南市東區大智里,7864,20,0.002543
6703200-004,台南市東區崇學里,3507,19,0.005418
6703200-005,台南市東區泉南里,5538,50,0.009029
6703200-006,台南市東區仁和里,5234,14,0.002675
6703200-007,台南市東區後甲里,3587,23,0.006412
6703200-008,台南市東區東光里,6242,27,0.004326
6703200-009,台南市東區新東里,2790,40,0.014337
6703200-010,台南市東區中西里,3982,27,0.006781
6703200-011,台南市東區東安里,1780,23,0.012921
6703200-012,台南市東區崇明里,5232,16,0.003058
6703200-013,台南市東區自強里,6069,26,0.004284
6703200-014,台南市東區和平里,5435,20,0.00368
6703200-015,台南市東區路東里,1858,16,0.008611
6703200-016,台南市東區大德里,1848,6,0.003247
6703200-017,台南市東區關聖里,5642,11,0.00195
6703200-018,台南市東區衛國里,1883,8,0.004249
6703200-019,台南市東區崇善里,5930,19,0.003204
6703200-020,台南市東區富強里,5332,30,0.005626
6703200-021,台南市東區圍下里,2455,15,0.00611
6703200-022,台南市東區小東里,5369,57,0.010617
6703200-023,台南市東區大學里,1502,20,0.013316
6703200-024,台南市東區龍山里,5362,39,0.007273
6703200-025,台南市東區虎尾里,6002,11,0.001833
6703200-026,台南市東區德高里,3367,10,0.00297
6703200-027,台南市東區莊敬里,4646,50,0.010762
6703200-028,台南市東區大福里,2271,12,0.005284
6703200-029,台南市東區忠孝里,5013,25,0.004987
6703200-030,台南市東區崇誨里,2962,18,0.006077
6703200-031,台南市東區東明里,3822,14,0.003663
6703200-032,台南市東區崇德里,5904,14,0.002371
6703200-033,台南市東區東智里,2657,4,0.001505
6703200-034,台南市東區東聖里,2774,9,0.003244
6703200-035,台南市東區崇成里,3933,3,0.000763
6703200-036,台南市東區東門里,2243,20,0.008917
6703200-037,台南市東區成大里,2460,41,0.016667
6703200-038,台南市東區大同里,3363,35,0.010407
6703200-039,台南市東區德光里,4810,17,0.003534
6703200-040,台南市東區崇信里,5362,23,0.004289
6703200-041,台南市東區崇文里,7942,16,0.002015
6703200-042,台南市東區復興里,4288,5,0.001166
6703200-043,台南市東區裕聖里,5976,10,0.001673
6703200-044,台南市東區南聖里,3303,6,0.001817
6703200-045,台南市東區文聖里,5555,9,0.00162
6703300-001,台南市南區竹溪里,1908,8,0.004193
6703300-002,台南市南區荔宅里,255,5,0.019608
6703300-003,台南市南區明德里,730,2,0.00274
6703300-004,台南市南區大成里,912,16,0.017544
6703300-005,台南市南區廣州里,2665,54,0.020263
6703300-006,台南市南區新昌里,2623,67,0.025543
6703300-007,台南市南區新興里,3246,135,0.04159
6703300-008,台南市南區田寮里,3777,180,0.047657
6703300-009,台南市南區國宅里,3516,95,0.027019
6703300-010,台南市南區日新里,2356,39,0.016553
6703300-011,台南市南區光明里,4857,44,0.009059
6703300-012,台南市南區白雪里,2053,38,0.018509
6703300-013,台南市南區明亮里,4305,70,0.01626
6703300-014,台南市南區喜東里,2417,10,0.004137
6703300-015,台南市南區喜北里,2649,12,0.00453
6703300-016,台南市南區喜南里,1493,3,0.002009
6703300-017,台南市南區省躬里,3408,13,0.003815
6703300-018,台南市南區興農里,2487,5,0.00201
6703300-019,台南市南區同安里,2711,12,0.004426
6703300-020,台南市南區佛壇里,3050,7,0.002295
6703300-021,台南市南區大林里,2592,10,0.003858
6703300-022,台南市南區大忠里,5150,24,0.00466
6703300-023,台南市南區大恩里,3942,58,0.014713
6703300-024,台南市南區新生里,3710,16,0.004313
6703300-025,台南市南區再興里,2727,40,0.014668
6703300-026,台南市南區明興里,3967,44,0.011092
6703300-027,台南市南區文華里,3871,108,0.0279
6703300-028,台南市南區金華里,5906,117,0.01981
6703300-029,台南市南區南都里,3126,17,0.005438
6703300-030,台南市南區開南里,6832,86,0.012588
6703300-031,台南市南區彰南里,1901,12,0.006312
6703300-032,台南市南區建南里,5840,48,0.008219
6703300-033,台南市南區郡南里,4228,46,0.01088
6703300-034,台南市南區府南里,5419,66,0.012179
6703300-035,台南市南區文南里,5901,120,0.020336
6703300-036,台南市南區鯤鯓里,2068,5,0.002418
6703300-037,台南市南區松安里,2157,1,0.000464
6703300-038,台南市南區永寧里,2193,4,0.001824
6703300-039,台南市南區南華里,2896,35,0.012086
6703400-001,台南市北區開元里,2503,49,0.019577
6703400-002,台南市北區新勝里,1930,19,0.009845
6703400-003,台南市北區勝安里,1246,50,0.040128
6703400-004,台南市北區東興里,2599,47,0.018084
6703400-005,台南市北區力行里,2839,19,0.006692
6703400-006,台南市北區華興里,2376,21,0.008838
6703400-007,台南市北區振興里,2010,69,0.034328
6703400-008,台南市北區仁愛里,2060,74,0.035922
6703400-009,台南市北區大仁里,1086,29,0.026703
6703400-010,台南市北區大山里,596,37,0.062081
6703400-011,台南市北區大道里,2551,36,0.014112
6703400-012,台南市北區光武里,1631,28,0.017167
6703400-013,台南市北區實踐里,2377,134,0.056374
6703400-014,台南市北區小康里,2428,135,0.055601
6703400-015,台南市北區正風里,1664,112,0.067308
6703400-016,台南市北區延平里,1898,152,0.080084
6703400-017,台南市北區興北里,1525,73,0.047869
6703400-018,台南市北區大豐里,5138,178,0.034644
6703400-019,台南市北區重興里,2466,39,0.015815
6703400-020,台南市北區和順里,8192,163,0.019897
6703400-021,台南市北區國姓里,1734,96,0.055363
6703400-022,台南市北區六甲里,2819,161,0.057112
6703400-023,台南市北區正覺里,3727,241,0.064663
6703400-024,台南市北區成功里,5415,131,0.024192
6703400-025,台南市北區文元里,8232,119,0.014456
6703400-026,台南市北區大港里,6453,67,0.010383
6703400-027,台南市北區國興里,1786,34,0.019037
6703400-028,台南市北區裕民里,1667,19,0.011398
6703400-029,台南市北區安民里,1444,22,0.015235
6703400-030,台南市北區興南里,1847,91,0.049269
6703400-031,台南市北區長榮里,3021,43,0.014234
6703400-032,台南市北區中樓里,1668,118,0.070743
6703400-033,台南市北區公園里,1979,39,0.019707
6703400-034,台南市北區玉皇里,1743,97,0.055651
6703400-035,台南市北區長德里,1503,54,0.035928
6703400-036,台南市北區三德里,1355,111,0.081919
6703400-037,台南市北區五福里,1758,51,0.02901
6703400-038,台南市北區元寶里,3600,21,0.005833
6703400-039,台南市北區永祥里,3341,244,0.073032
6703400-040,台南市北區成德里,15441,191,0.01237
6703400-041,台南市北區文成里,4275,72,0.016842
6703400-042,台南市北區大和里,4314,73,0.016922
6703400-043,台南市北區賢北里,4370,39,0.008924
6703500-001,台南市安南區東和里,2653,4,0.001508
6703500-002,台南市安南區安順里,5563,14,0.002517
6703500-003,台南市安南區塭南里,5726,6,0.001048
6703500-004,台南市安南區州南里,5741,13,0.002264
6703500-005,台南市安南區州北里,5615,12,0.002137
6703500-006,台南市安南區安東里,3364,12,0.003567
6703500-007,台南市安南區安西里,3880,15,0.003866
6703500-008,台南市安南區頂安里,5343,15,0.002807
6703500-009,台南市安南區安慶里,6987,54,0.007729
6703500-010,台南市安南區新順里,7238,22,0.00304
6703500-011,台南市安南區原佃里,2551,7,0.002744
6703500-012,台南市安南區總頭里,2113,7,0.003313
6703500-013,台南市安南區長安里,5249,13,0.002477
6703500-014,台南市安南區公親里,1376,2,0.001453
6703500-015,台南市安南區海東里,6371,18,0.002825
6703500-016,台南市安南區海西里,3004,12,0.003995
6703500-017,台南市安南區海南里,2279,21,0.009215
6703500-018,台南市安南區溪心里,8417,20,0.002376
6703500-019,台南市安南區塩田里,1711,2,0.001169
6703500-020,台南市安南區淵東里,5483,15,0.002736
6703500-021,台南市安南區淵西里,3734,12,0.003214
6703500-022,台南市安南區佃東里,3789,6,0.001584
6703500-023,台南市安南區佃西里,2247,7,0.003115
6703500-025,台南市安南區南興里,1907,5,0.002622
6703500-026,台南市安南區學東里,2431,6,0.002468
6703500-027,台南市安南區城東里,1763,2,0.001134
6703500-028,台南市安南區城北里,1720,1,0.000581
6703500-029,台南市安南區城中里,1272,2,0.001572
6703500-030,台南市安南區城南里,3561,8,0.002247
6703500-032,台南市安南區青草里,1767,2,0.001132
6703500-033,台南市安南區砂崙里,1586,1,0.000631
6703500-034,台南市安南區顯宮里,1687,3,0.001778
6703500-035,台南市安南區鹿耳里,1036,2,0.001931
6703500-036,台南市安南區四草里,2210,5,0.002262
6703500-037,台南市安南區安和里,2625,25,0.009524
6703500-038,台南市安南區溪北里,3397,51,0.015013
6703500-039,台南市安南區溪頂里,5539,120,0.021665
6703500-040,台南市安南區溪墘里,3924,34,0.008665
6703500-041,台南市安南區海佃里,5166,54,0.010453
6703500-042,台南市安南區幸福里,4391,74,0.016853
6703500-043,台南市安南區鳳凰里,5337,20,0.003747
6703500-044,台南市安南區梅花里,4924,21,0.004265
6703500-045,台南市安南區理想里,5450,22,0.004037
6703500-046,台南市安南區溪東里,4561,46,0.010086
6703500-047,台南市安南區淵中里,3909,6,0.001535
6703500-048,台南市安南區布袋里,1854,2,0.001079
6703500-049,台南市安南區國安里,2728,13,0.004765
6703500-050,台南市安南區安富里,6751,55,0.008147
6703500-051,台南市安南區大安里,4280,18,0.004206
6703600-001,台南市安平區西門里,1559,6,0.003849
6703600-002,台南市安平區金城里,2258,13,0.005757
6703600-003,台南市安平區石門里,2533,10,0.003948
6703600-004,台南市安平區漁光里,517,3,0.005803
6703600-005,台南市安平區建平里,5771,50,0.008664
6703600-006,台南市安平區怡平里,4961,32,0.00645
6703600-007,台南市安平區華平里,5652,40,0.007077
6703600-008,台南市安平區平通里,8571,37,0.004317
6703600-009,台南市安平區文平里,5819,56,0.009624
6703600-010,台南市安平區國平里,7918,41,0.005178
6703600-011,台南市安平區育平里,9042,34,0.00376
6703600-012,台南市安平區億載里,3460,12,0.003468
6703600-013,台南市安平區海頭里,1750,13,0.007429
6703600-014,台南市安平區港仔里,1453,9,0.006194
6703600-015,台南市安平區平安里,4029,33,0.008191
6703700-001,台南市中西區公正里,1668,30,0.017986
6703700-002,台南市中西區銀同里,1347,31,0.023014
6703700-003,台南市中西區小西里,798,16,0.02005
6703700-004,台南市中西區仙草里,3006,40,0.013307
6703700-005,台南市中西區赤嵌里,1592,24,0.015075
6703700-006,台南市中西區五妃里,1953,3,0.001536
6703700-007,台南市中西區郡王里,1964,13,0.006619
6703700-008,台南市中西區福安里,1138,62,0.054482
6703700-009,台南市中西區法華里,3559,16,0.004496
6703700-010,台南市中西區大南里,1480,29,0.019595
6703700-011,台南市中西區開山里,2303,12,0.005211
6703700-012,台南市中西區進學里,1449,9,0.006211
6703700-013,台南市中西區建國里,1361,35,0.025716
6703700-014,台南市中西區青年里,1438,20,0.013908
6703700-015,台南市中西區永福里,1393,35,0.025126
6703700-016,台南市中西區永華里,1481,20,0.013504
6703700-017,台南市中西區天后里,1550,34,0.021935
6703700-018,台南市中西區三民里,1509,30,0.019881
6703700-019,台南市中西區萬昌里,2070,18,0.008696
6703700-020,台南市中西區普濟里,1190,34,0.028571
6703700-021,台南市中西區水仙里,1306,61,0.046708
6703700-022,台南市中西區藥王里,3883,92,0.023693
6703700-023,台南市中西區協和里,2520,63,0.025
6703700-024,台南市中西區文賢里,1489,59,0.039624
6703700-025,台南市中西區光賢里,4218,67,0.015884
6703700-026,台南市中西區元安里,1368,26,0.019006
6703700-027,台南市中西區協進里,1214,17,0.014003
6703700-028,台南市中西區安海里,1679,86,0.051221
6703700-029,台南市中西區民生里,2037,106,0.052037
6703700-030,台南市中西區中正里,1239,119,0.096045
6703700-031,台南市中西區大涼里,3385,72,0.02127
6703700-032,台南市中西區民主里,1103,70,0.063463
6703700-033,台南市中西區西湖里,6168,41,0.006647
6703700-034,台南市中西區西賢里,5722,40,0.006991
6703700-035,台南市中西區三合里,2083,79,0.037926
6703700-036,台南市中西區民權里,1615,145,0.089783
6703700-037,台南市中西區保安里,1200,62,0.051667
6703700-038,台南市中西區郡西里,1218,61,0.050082
6400100-003,高雄市鹽埕區博愛里,729,1,0.001372
6400100-004,高雄市鹽埕區壽星里,1507,1,0.000664
6400100-005,高雄市鹽埕區中山里,1251,1,0.000799
6400100-006,高雄市鹽埕區教仁里,2472,4,0.001618
6400100-017,高雄市鹽埕區府北里,2163,1,0.000462
6400100-018,高雄市鹽埕區陸橋里,1420,4,0.002817
6400200-001,高雄市鼓山區鼓峰里,2281,1,0.000438
6400200-002,高雄市鼓山區雄峰里,2285,2,0.000875
6400200-003,高雄市鼓山區前峰里,4805,3,0.000624
6400200-004,高雄市鼓山區光榮里,4017,9,0.00224
6400200-006,高雄市鼓山區內惟里,1319,2,0.001516
6400200-007,高雄市鼓山區建國里,2713,1,0.000369
6400200-008,高雄市鼓山區忠正里,4423,1,0.000226
6400200-010,高雄市鼓山區龍井里,1469,1,0.000681
6400200-012,高雄市鼓山區平和里,4029,3,0.000745
6400200-013,高雄市鼓山區民強里,3107,2,0.000644
6400200-014,高雄市鼓山區厚生里,3753,4,0.001066
6400200-015,高雄市鼓山區龍子里,18799,4,0.000213
6400200-016,高雄市鼓山區龍水里,23873,10,0.000419
6400200-017,高雄市鼓山區明誠里,20097,9,0.000448
6400200-018,高雄市鼓山區華豐里,4376,8,0.001828
6400200-019,高雄市鼓山區裕興里,3675,2,0.000544
6400200-020,高雄市鼓山區裕豐里,2916,3,0.001029
6400200-022,高雄市鼓山區樹德里,1333,3,0.002251
6400200-026,高雄市鼓山區山下里,1477,2,0.001354
6400200-036,高雄市鼓山區壽山里,1582,1,0.000632
6400200-038,高雄市鼓山區桃源里,707,2,0.002829
6400300-001,高雄市左營區進學里,2793,1,0.000358
6400300-002,高雄市左營區尾西里,1223,7,0.005724
6400300-003,高雄市左營區頂北里,615,9,0.014634
6400300-004,高雄市左營區中北里,724,2,0.002762
6400300-005,高雄市左營區中南里,609,1,0.001642
6400300-006,高雄市左營區廟東里,959,6,0.006257
6400300-007,高雄市左營區廟北里,1037,3,0.002893
6400300-009,高雄市左營區尾北里,3857,7,0.001815
6400300-011,高雄市左營區屏山里,1849,1,0.000541
6400300-015,高雄市左營區莒光里,2011,18,0.008951
6400300-016,高雄市左營區光輝里,2904,3,0.001033
6400300-017,高雄市左營區合群里,2643,2,0.000757
6400300-019,高雄市左營區明建里,999,3,0.003003
6400300-021,高雄市左營區頂西里,1142,4,0.003503
6400300-022,高雄市左營區聖后里,864,3,0.003472
6400300-023,高雄市左營區聖西里,381,2,0.005249
6400300-025,高雄市左營區城南里,578,3,0.00519
6400300-028,高雄市左營區廍南里,709,1,0.00141
6400300-029,高雄市左營區埤西里,1057,1,0.000946
6400300-030,高雄市左營區埤北里,1487,1,0.000672
6400300-031,高雄市左營區埤東里,1224,6,0.004902
6400300-032,高雄市左營區海勝里,6576,4,0.000608
6400300-034,高雄市左營區崇實里,3686,2,0.000543
6400300-035,高雄市左營區自助里,450,1,0.002222
6400300-037,高雄市左營區果惠里,1704,3,0.001761
6400300-038,高雄市左營區果峰里,1866,3,0.001608
6400300-039,高雄市左營區新下里,15160,10,0.00066
6400300-040,高雄市左營區新上里,30240,16,0.000529
6400300-041,高雄市左營區新中里,5956,15,0.002518
6400300-042,高雄市左營區新光里,16120,11,0.000682
6400300-043,高雄市左營區菜公里,34427,27,0.000784
6400300-044,高雄市左營區福山里,42537,20,0.00047
6400400-001,高雄市楠梓區清豐里,24415,11,0.000451
6400400-002,高雄市楠梓區東寧里,4893,1,0.000204
6400400-003,高雄市楠梓區五常里,6936,1,0.000144
6400400-005,高雄市楠梓區中陽里,3300,2,0.000606
6400400-006,高雄市楠梓區惠楠里,3569,2,0.00056
6400400-007,高雄市楠梓區惠民里,4507,4,0.000888
6400400-008,高雄市楠梓區惠豐里,5414,1,0.000185
6400400-009,高雄市楠梓區錦屏里,3912,2,0.000511
6400400-011,高雄市楠梓區金田里,3858,3,0.000778
6400400-012,高雄市楠梓區稔田里,1843,2,0.001085
6400400-013,高雄市楠梓區瑞屏里,4527,5,0.001104
6400400-014,高雄市楠梓區翠屏里,16906,4,0.000237
6400400-015,高雄市楠梓區宏南里,1533,2,0.001305
6400400-016,高雄市楠梓區宏毅里,3372,2,0.000593
6400400-017,高雄市楠梓區宏榮里,3441,8,0.002325
6400400-018,高雄市楠梓區廣昌里,3568,1,0.00028
6400400-019,高雄市楠梓區久昌里,3075,2,0.00065
6400400-020,高雄市楠梓區大昌里,2583,4,0.001549
6400400-022,高雄市楠梓區盛昌里,6350,2,0.000315
6400400-023,高雄市楠梓區泰昌里,1743,2,0.001147
6400400-024,高雄市楠梓區興昌里,5162,5,0.000969
6400400-025,高雄市楠梓區建昌里,3143,1,0.000318
6400400-027,高雄市楠梓區和昌里,2381,3,0.00126
6400400-028,高雄市楠梓區慶昌里,3699,1,0.00027
6400400-029,高雄市楠梓區隆昌里,4084,8,0.001959
6400400-031,高雄市楠梓區裕昌里,5204,1,0.000192
6400400-032,高雄市楠梓區國昌里,4250,2,0.000471
6400400-033,高雄市楠梓區加昌里,9854,3,0.000304
6400400-034,高雄市楠梓區仁昌里,5732,3,0.000523
6400400-035,高雄市楠梓區藍田里,6348,2,0.000315
6400400-037,高雄市楠梓區中和里,2498,1,0.0004
6400500-046,高雄市三民區安東里,3415,10,0.002928
6400500-047,高雄市三民區安和里,2938,1,0.00034
6400500-048,高雄市三民區達德里,1621,1,0.000617
6400500-049,高雄市三民區達明里,1788,1,0.000559
6400500-051,高雄市三民區達勇里,1196,1,0.000836
6400500-052,高雄市三民區同德里,3156,9,0.002852
6400500-053,高雄市三民區德智里,2666,2,0.00075
6400500-055,高雄市三民區安生里,1695,2,0.00118
6400500-056,高雄市三民區德東里,913,2,0.002191
6400500-057,高雄市三民區德行里,1275,1,0.000784
6400500-059,高雄市三民區民享里,2391,1,0.000418
6400500-061,高雄市三民區安泰里,4510,3,0.000665
6400500-062,高雄市三民區安邦里,4438,3,0.000676
6400500-063,高雄市三民區十全里,1846,1,0.000542
6400500-064,高雄市三民區十美里,2149,5,0.002327
6400500-065,高雄市三民區德北里,2158,13,0.006024
6400500-067,高雄市三民區立業里,1137,2,0.001759
6400500-068,高雄市三民區港東里,1590,2,0.001258
6400500-069,高雄市三民區港新里,1641,1,0.000609
6400500-070,高雄市三民區港西里,856,1,0.001168
6400500-072,高雄市三民區博愛里,1414,1,0.000707
6400500-073,高雄市三民區博惠里,4884,2,0.00041
6400500-074,高雄市三民區長明里,1283,1,0.000779
6400500-075,高雄市三民區建東里,1358,4,0.002946
6400500-076,高雄市三民區興德里,2016,1,0.000496
6400500-077,高雄市三民區鳳南里,1070,1,0.000935
6400500-078,高雄市三民區鳳北里,1598,16,0.010013
6400500-079,高雄市三民區德西里,978,2,0.002045
6400500-081,高雄市三民區豐裕里,2929,2,0.000683
6400500-083,高雄市三民區裕民里,1496,1,0.000668
6400500-084,高雄市三民區力行里,1288,1,0.000776
6400500-085,高雄市三民區千歲里,1317,1,0.000759
6400500-086,高雄市三民區立德里,1335,1,0.000749
6400500-088,高雄市三民區千秋里,2336,1,0.000428
6400500-001,高雄市三民區鼎金里,4644,11,0.002369
6400500-002,高雄市三民區鼎盛里,8813,14,0.001589
6400500-003,高雄市三民區鼎強里,4672,39,0.008348
6400500-004,高雄市三民區鼎力里,4291,75,0.017478
6400500-005,高雄市三民區鼎西里,8343,15,0.001798
6400500-006,高雄市三民區鼎中里,3811,6,0.001574
6400500-007,高雄市三民區鼎泰里,24752,30,0.001212
6400500-008,高雄市三民區本館里,9796,3,0.000306
6400500-009,高雄市三民區本和里,8231,5,0.000607
6400500-010,高雄市三民區本文里,2340,4,0.001709
6400500-011,高雄市三民區本武里,2132,17,0.007974
6400500-012,高雄市三民區本元里,6492,10,0.00154
6400500-013,高雄市三民區本安里,5880,2,0.00034
6400500-015,高雄市三民區本揚里,9361,3,0.00032
6400500-016,高雄市三民區寶獅里,4142,4,0.000966
6400500-017,高雄市三民區寶德里,5709,6,0.001051
6400500-018,高雄市三民區寶泰里,4568,1,0.000219
6400500-019,高雄市三民區寶興里,7375,4,0.000542
6400500-020,高雄市三民區寶中里,3710,5,0.001348
6400500-021,高雄市三民區寶華里,3853,4,0.001038
6400500-022,高雄市三民區寶國里,9978,3,0.000301
6400500-023,高雄市三民區寶民里,3753,1,0.000266
6400500-024,高雄市三民區寶慶里,3266,3,0.000919
6400500-025,高雄市三民區寶業里,6150,12,0.001951
6400500-026,高雄市三民區寶盛里,5695,3,0.000527
6400500-027,高雄市三民區寶安里,8001,6,0.00075
6400500-028,高雄市三民區寶龍里,5044,10,0.001983
6400500-029,高雄市三民區寶珠里,7240,5,0.000691
6400500-030,高雄市三民區寶玉里,10172,22,0.002163
6400500-031,高雄市三民區灣子里,4366,3,0.000687
6400500-032,高雄市三民區灣愛里,3532,2,0.000566
6400500-034,高雄市三民區灣華里,2998,4,0.001334
6400500-035,高雄市三民區灣勝里,2150,1,0.000465
6400500-036,高雄市三民區灣利里,3564,4,0.001122
6400500-037,高雄市三民區灣復里,4138,1,0.000242
6400500-038,高雄市三民區正興里,14226,7,0.000492
6400500-039,高雄市三民區正順里,4656,2,0.00043
6400500-041,高雄市三民區灣成里,2638,3,0.001137
6400500-042,高雄市三民區安康里,3378,2,0.000592
6400500-043,高雄市三民區安寧里,2152,5,0.002323
6400500-044,高雄市三民區安吉里,5628,15,0.002665
6400500-045,高雄市三民區安發里,5458,5,0.000916
6400600-001,高雄市新興區浩然里,2036,2,0.000982
6400600-002,高雄市新興區振成里,1256,1,0.000796
6400600-003,高雄市新興區德生里,3532,2,0.000566
6400600-005,高雄市新興區正氣里,1583,1,0.000632
6400600-007,高雄市新興區仁聲里,1142,1,0.000876
6400600-008,高雄市新興區德望里,2298,1,0.000435
6400600-010,高雄市新興區蕉園里,844,1,0.001185
6400600-013,高雄市新興區順昌里,2285,1,0.000438
6400600-014,高雄市新興區文昌里,3145,1,0.000318
6400600-016,高雄市新興區興昌里,2100,2,0.000952
6400600-017,高雄市新興區開平里,4115,3,0.000729
6400600-018,高雄市新興區成功里,1257,1,0.000796
6400600-024,高雄市新興區明莊里,768,2,0.002604
6400600-025,高雄市新興區大明里,1241,2,0.001612
6400600-028,高雄市新興區建興里,1051,2,0.001903
6400600-031,高雄市新興區榮治里,882,3,0.003401
6400600-032,高雄市新興區東坡里,1420,1,0.000704
6400700-001,高雄市前金區三川里,780,6,0.007692
6400700-002,高雄市前金區草江里,1157,4,0.003457
6400700-003,高雄市前金區長城里,1526,29,0.019004
6400700-004,高雄市前金區北金里,1016,1,0.000984
6400700-005,高雄市前金區東金里,1112,9,0.008094
6400700-006,高雄市前金區新生里,4095,2,0.000488
6400700-008,高雄市前金區長興里,1267,8,0.006314
6400700-009,高雄市前金區青山里,1789,2,0.001118
6400700-014,高雄市前金區社東里,1819,1,0.00055
6400700-015,高雄市前金區社西里,1186,2,0.001686
6400700-017,高雄市前金區長生里,1925,1,0.000519
6400700-020,高雄市前金區文東里,1378,1,0.000726
6400800-001,高雄市苓雅區博仁里,803,1,0.001245
6400800-002,高雄市苓雅區苓洲里,1636,4,0.002445
6400800-006,高雄市苓雅區苓東里,1689,2,0.001184
6400800-009,高雄市苓雅區城東里,2273,2,0.00088
6400800-011,高雄市苓雅區鼓中里,1141,2,0.001753
6400800-012,高雄市苓雅區田西里,1539,3,0.001949
6400800-014,高雄市苓雅區仁政里,1375,1,0.000727
6400800-015,高雄市苓雅區廣澤里,2063,2,0.000969
6400800-018,高雄市苓雅區日中里,2432,1,0.000411
6400800-019,高雄市苓雅區普照里,3382,23,0.006801
6400800-021,高雄市苓雅區晴朗里,2308,4,0.001733
6400800-022,高雄市苓雅區普天里,3642,10,0.002746
6400800-023,高雄市苓雅區林富里,2441,1,0.00041
6400800-024,高雄市苓雅區林圍里,3184,6,0.001884
6400800-028,高雄市苓雅區林華里,3261,1,0.000307
6400800-031,高雄市苓雅區林泉里,2460,1,0.000407
6400800-033,高雄市苓雅區中正里,3689,4,0.001084
6400800-034,高雄市苓雅區尚義里,1860,1,0.000538
6400800-036,高雄市苓雅區凱旋里,2661,1,0.000376
6400800-037,高雄市苓雅區安祥里,2737,1,0.000365
6400800-038,高雄市苓雅區奏捷里,1888,4,0.002119
6400800-039,高雄市苓雅區福壽里,1696,1,0.00059
6400800-040,高雄市苓雅區福南里,2078,1,0.000481
6400800-041,高雄市苓雅區五權里,2342,1,0.000427
6400800-043,高雄市苓雅區林德里,2042,1,0.00049
6400800-044,高雄市苓雅區林貴里,2171,2,0.000921
6400800-047,高雄市苓雅區林靖里,1775,1,0.000563
6400800-048,高雄市苓雅區朝陽里,1748,1,0.000572
6400800-049,高雄市苓雅區福隆里,3000,1,0.000333
6400800-051,高雄市苓雅區福海里,1234,3,0.002431
6400800-054,高雄市苓雅區福地里,3164,1,0.000316
6400800-055,高雄市苓雅區福居里,3163,1,0.000316
6400800-056,高雄市苓雅區福東里,3054,1,0.000327
6400800-057,高雄市苓雅區福西里,2092,5,0.00239
6400800-058,高雄市苓雅區永康里,2562,3,0.001171
6400800-059,高雄市苓雅區正文里,2222,1,0.00045
6400800-060,高雄市苓雅區正言里,3159,1,0.000317
6400800-061,高雄市苓雅區正大里,5887,6,0.001019
6400800-063,高雄市苓雅區正心里,4154,3,0.000722
6400800-064,高雄市苓雅區正道里,4767,5,0.001049
6400800-065,高雄市苓雅區正義里,2990,2,0.000669
6400800-066,高雄市苓雅區正仁里,3061,9,0.00294
6400800-067,高雄市苓雅區文昌里,4481,14,0.003124
6400800-069,高雄市苓雅區衛武里,2333,2,0.000857
6400900-001,高雄市前鎮區草衙里,11122,2,0.00018
6400900-002,高雄市前鎮區明孝里,2834,4,0.001411
6400900-003,高雄市前鎮區明正里,5957,4,0.000671
6400900-004,高雄市前鎮區明義里,2722,2,0.000735
6400900-005,高雄市前鎮區仁愛里,1519,1,0.000658
6400900-006,高雄市前鎮區德昌里,2293,6,0.002617
6400900-007,高雄市前鎮區平等里,3089,10,0.003237
6400900-008,高雄市前鎮區平昌里,776,1,0.001289
6400900-009,高雄市前鎮區明禮里,1778,1,0.000562
6400900-011,高雄市前鎮區信德里,2723,1,0.000367
6400900-012,高雄市前鎮區明道里,1310,6,0.00458
6400900-017,高雄市前鎮區鎮榮里,2543,2,0.000786
6400900-019,高雄市前鎮區鎮海里,4806,1,0.000208
6400900-021,高雄市前鎮區興邦里,3260,3,0.00092
6400900-024,高雄市前鎮區忠純里,5661,1,0.000177
6400900-025,高雄市前鎮區忠誠里,2498,2,0.000801
6400900-029,高雄市前鎮區民權里,4832,1,0.000207
6400900-031,高雄市前鎮區振興里,2516,1,0.000397
6400900-034,高雄市前鎮區盛興里,3059,2,0.000654
6400900-036,高雄市前鎮區興中里,3507,1,0.000285
6400900-037,高雄市前鎮區興東里,6225,7,0.001124
6400900-038,高雄市前鎮區忠孝里,3056,5,0.001636
6400900-039,高雄市前鎮區復國里,3215,1,0.000311
6400900-042,高雄市前鎮區竹南里,8468,1,0.000118
6400900-043,高雄市前鎮區竹北里,2556,2,0.000782
6400900-044,高雄市前鎮區竹西里,4895,1,0.000204
6400900-045,高雄市前鎮區竹中里,3864,3,0.000776
6400900-046,高雄市前鎮區瑞竹里,2126,1,0.00047
6400900-049,高雄市前鎮區瑞祥里,6238,1,0.00016
6400900-052,高雄市前鎮區瑞平里,4783,1,0.000209
6400900-053,高雄市前鎮區瑞隆里,4358,1,0.000229
6400900-054,高雄市前鎮區瑞北里,3416,2,0.000585
6400900-056,高雄市前鎮區瑞崗里,2933,2,0.000682
6400900-057,高雄市前鎮區瑞興里,2994,2,0.000668
6400900-059,高雄市前鎮區瑞文里,2810,1,0.000356
6400900-060,高雄市前鎮區瑞華里,5264,3,0.00057
6400900-061,高雄市前鎮區瑞昌里,3573,1,0.00028
6401000-005,高雄市旗津區復興里,3400,1,0.000294
6401000-009,高雄市旗津區南汕里,2307,2,0.000867
6401000-010,高雄市旗津區上竹里,3339,11,0.003294
6401000-011,高雄市旗津區中洲里,2034,9,0.004425
6401100-005,高雄市小港區港明里,3992,1,0.000251
6401100-007,高雄市小港區港南里,2779,3,0.00108
6401100-013,高雄市小港區三苓里,3364,1,0.000297
6401100-014,高雄市小港區正苓里,4965,1,0.000201
6401100-016,高雄市小港區六苓里,3368,3,0.000891
6401100-019,高雄市小港區青島里,2714,1,0.000368
6401100-021,高雄市小港區泰山里,3837,2,0.000521
6401100-022,高雄市小港區山明里,13327,2,0.00015
6401100-023,高雄市小港區高松里,4430,2,0.000451
6401100-024,高雄市小港區松金里,3113,1,0.000321
6401100-029,高雄市小港區廈莊里,3443,1,0.00029
6401100-031,高雄市小港區桂林里,9382,1,0.000107
6401100-038,高雄市小港區鳳源里,4139,1,0.000242
6401200-003,高雄市鳳山區光明里,1534,1,0.000652
6401200-004,高雄市鳳山區興中里,1055,1,0.000948
6401200-008,高雄市鳳山區中和里,3978,1,0.000251
6401200-009,高雄市鳳山區鎮北里,7490,4,0.000534
6401200-010,高雄市鳳山區縣衙里,1004,2,0.001992
6401200-012,高雄市鳳山區鎮西里,5932,2,0.000337
6401200-013,高雄市鳳山區鎮東里,2744,2,0.000729
6401200-014,高雄市鳳山區埤頂里,7215,1,0.000139
6401200-015,高雄市鳳山區中正里,4596,3,0.000653
6401200-018,高雄市鳳山區瑞竹里,6138,4,0.000652
6401200-020,高雄市鳳山區誠義里,4203,3,0.000714
6401200-022,高雄市鳳山區海光里,3646,1,0.000274
6401200-031,高雄市鳳山區瑞興里,5928,2,0.000337
6401200-039,高雄市鳳山區文德里,9816,3,0.000306
6401200-041,高雄市鳳山區曹公里,2383,1,0.00042
6401200-044,高雄市鳳山區忠孝里,6855,3,0.000438
6401200-047,高雄市鳳山區協和里,4319,3,0.000695
6401200-048,高雄市鳳山區文山里,7036,2,0.000284
6401200-050,高雄市鳳山區誠德里,2706,2,0.000739
6401200-056,高雄市鳳山區文華里,10470,2,0.000191
6401200-058,高雄市鳳山區武松里,3114,3,0.000963
6401200-059,高雄市鳳山區文衡里,4797,2,0.000417
6401200-060,高雄市鳳山區文福里,11250,3,0.000267
6401200-016,高雄市鳳山區鎮南里,5409,1,0.000185
6401200-017,高雄市鳳山區老爺里,7942,2,0.000252
6401200-025,高雄市鳳山區新甲里,3583,1,0.000279
6401200-026,高雄市鳳山區武漢里,5562,2,0.00036
6401200-027,高雄市鳳山區正義里,7214,1,0.000139
6401200-028,高雄市鳳山區一甲里,3816,1,0.000262
6401200-029,高雄市鳳山區福興里,7190,2,0.000278
6401200-032,高雄市鳳山區天興里,4102,1,0.000244
6401200-033,高雄市鳳山區新強里,6523,3,0.00046
6401200-034,高雄市鳳山區國泰里,4425,1,0.000226
6401200-036,高雄市鳳山區新富里,5014,1,0.000199
6401200-037,高雄市鳳山區國光里,3816,2,0.000524
6401200-040,高雄市鳳山區過埤里,14116,5,0.000354
6401200-049,高雄市鳳山區福誠里,4609,5,0.001085
6401200-054,高雄市鳳山區富甲里,2852,1,0.000351
6401200-055,高雄市鳳山區南成里,9399,1,0.000106
6401200-057,高雄市鳳山區大德里,5241,1,0.000191
6401200-063,高雄市鳳山區國富里,2956,1,0.000338
6401200-064,高雄市鳳山區武慶里,2813,1,0.000355
6401200-065,高雄市鳳山區海洋里,4572,1,0.000219
6401200-066,高雄市鳳山區新武里,2716,1,0.000368
6401200-068,高雄市鳳山區新泰里,5008,3,0.000599
6401200-069,高雄市鳳山區中崙里,2775,1,0.00036
6401200-070,高雄市鳳山區中榮里,5091,1,0.000196
6401200-073,高雄市鳳山區龍成里,3320,1,0.000301
6401200-075,高雄市鳳山區善美里,6256,3,0.00048
6401200-078,高雄市鳳山區保安里,7531,1,0.000133
6401300-002,高雄市林園區林園里,4023,1,0.000249
6401300-003,高雄市林園區溪州里,4774,1,0.000209
6401300-009,高雄市林園區西溪里,3960,1,0.000253
6401300-010,高雄市林園區港嘴里,1935,1,0.000517
6401300-013,高雄市林園區王公里,4710,2,0.000425
6401300-022,高雄市林園區廣應里,4164,2,0.00048
6401400-003,高雄市大寮區大寮里,7893,3,0.00038
6401400-004,高雄市大寮區上寮里,2738,1,0.000365
6401400-005,高雄市大寮區三隆里,5253,1,0.00019
6401400-006,高雄市大寮區琉球里,4993,2,0.000401
6401400-010,高雄市大寮區後庄里,8730,3,0.000344
6401400-013,高雄市大寮區過溪里,2889,1,0.000346
6401400-015,高雄市大寮區會結里,1808,1,0.000553
6401400-016,高雄市大寮區會社里,7063,3,0.000425
6401400-017,高雄市大寮區山頂里,8645,4,0.000463
6401400-019,高雄市大寮區永芳里,8004,1,0.000125
6401500-002,高雄市大樹區九曲里,5784,3,0.000519
6401500-003,高雄市大樹區久堂里,4735,1,0.000211
6401500-004,高雄市大樹區水安里,2759,1,0.000362
6401500-011,高雄市大樹區井腳里,1893,1,0.000528
6401500-012,高雄市大樹區小坪里,1544,1,0.000648
6401500-013,高雄市大樹區龍目里,1965,1,0.000509
6401500-015,高雄市大樹區三和里,1127,1,0.000887
6401600-002,高雄市大社區保社里,3285,1,0.000304
6401600-003,高雄市大社區大社里,5671,4,0.000705
6401600-006,高雄市大社區觀音里,6291,16,0.002543
6401600-007,高雄市大社區神農里,5570,4,0.000718
6401600-008,高雄市大社區中里里,3829,1,0.000261
6401600-009,高雄市大社區保安里,3649,2,0.000548
6401700-001,高雄市仁武區大灣里,4330,1,0.000231
6401700-002,高雄市仁武區灣內里,8133,5,0.000615
6401700-003,高雄市仁武區考潭里,3029,1,0.00033
6401700-004,高雄市仁武區烏林里,4539,2,0.000441
6401700-006,高雄市仁武區仁武里,6300,2,0.000317
6401700-007,高雄市仁武區文武里,10416,5,0.00048
6401700-008,高雄市仁武區竹後里,2494,2,0.000802
6401700-009,高雄市仁武區八卦里,16935,11,0.00065
6401700-010,高雄市仁武區高楠里,1894,2,0.001056
6401700-011,高雄市仁武區後安里,2991,1,0.000334
6401700-012,高雄市仁武區中華里,1859,3,0.001614
6401700-013,高雄市仁武區五和里,4818,2,0.000415
6401700-014,高雄市仁武區仁和里,4405,1,0.000227
6401700-015,高雄市仁武區赤山里,6310,5,0.000792
6401700-016,高雄市仁武區仁慈里,2397,2,0.000834
6401800-001,高雄市鳥松區鳥松里,11305,2,0.000177
6401800-002,高雄市鳥松區夢裡里,5086,2,0.000393
6401800-003,高雄市鳥松區大華里,10856,14,0.00129
6401800-005,高雄市鳥松區仁美里,7305,4,0.000548
6401900-002,高雄市岡山區岡山里,5140,1,0.000195
6401900-005,高雄市岡山區後紅里,4852,1,0.000206
6401900-006,高雄市岡山區大遼里,1554,3,0.001931
6401900-012,高雄市岡山區後協里,6420,2,0.000312
6401900-016,高雄市岡山區仁壽里,4037,1,0.000248
6401900-017,高雄市岡山區碧紅里,4402,1,0.000227
6401900-018,高雄市岡山區程香里,4737,1,0.000211
6401900-019,高雄市岡山區竹圍里,8378,2,0.000239
6401900-021,高雄市岡山區灣裡里,2215,1,0.000451
6401900-026,高雄市岡山區嘉興里,4076,1,0.000245
6401900-032,高雄市岡山區壽峰里,2843,1,0.000352
6402000-001,高雄市橋頭區橋頭里,2547,1,0.000393
6402000-003,高雄市橋頭區仕隆里,2769,1,0.000361
6402000-006,高雄市橋頭區東林里,2800,1,0.000357
6402000-012,高雄市橋頭區甲南里,2766,1,0.000362
6402000-015,高雄市橋頭區仕和里,4352,2,0.00046
6402100-002,高雄市燕巢區瓊林里,2438,1,0.00041
6402100-003,高雄市燕巢區安招里,4025,1,0.000248
6402100-009,高雄市燕巢區西燕里,3927,4,0.001019
6402300-001,高雄市阿蓮區石安里,1529,1,0.000654
6402300-006,高雄市阿蓮區阿蓮里,5906,2,0.000339
6402300-010,高雄市阿蓮區復安里,1963,1,0.000509
6402300-012,高雄市阿蓮區南蓮里,3549,3,0.000845
6402400-001,高雄市路竹區竹滬里,3841,2,0.000521
6402400-004,高雄市路竹區後鄉里,1342,1,0.000745
6402400-007,高雄市路竹區甲北里,2493,2,0.000802
6402400-008,高雄市路竹區甲南里,3850,3,0.000779
6402400-010,高雄市路竹區竹園里,2093,1,0.000478
6402400-011,高雄市路竹區竹東里,4404,1,0.000227
6402400-013,高雄市路竹區文北里,3942,1,0.000254
6402400-014,高雄市路竹區文南里,3061,1,0.000327
6402400-018,高雄市路竹區社中里,1008,1,0.000992
6402400-019,高雄市路竹區竹南里,3523,4,0.001135
6402400-020,高雄市路竹區社南里,4980,3,0.000602
6402500-002,高雄市湖內區劉家里,1187,1,0.000842
6402500-003,高雄市湖內區太爺里,926,2,0.00216
6402500-004,高雄市湖內區公舘里,2581,2,0.000775
6402500-005,高雄市湖內區葉厝里,2924,4,0.001368
6402500-006,高雄市湖內區大湖里,4164,3,0.00072
6402500-008,高雄市湖內區湖內里,4261,1,0.000235
6402500-009,高雄市湖內區海埔里,2133,2,0.000938
6402500-011,高雄市湖內區中賢里,2498,1,0.0004
6402500-012,高雄市湖內區逸賢里,1278,1,0.000782
6402500-013,高雄市湖內區忠興里,820,1,0.00122
6402500-014,高雄市湖內區湖東里,2959,1,0.000338
6402600-001,高雄市茄萣區福德里,1120,4,0.003571
6402600-003,高雄市茄萣區白雲里,1977,3,0.001517
6402600-004,高雄市茄萣區嘉賜里,4307,6,0.001393
6402600-005,高雄市茄萣區嘉安里,2022,2,0.000989
6402600-006,高雄市茄萣區嘉定里,1363,3,0.002201
6402600-007,高雄市茄萣區保定里,3408,5,0.001467
6402600-008,高雄市茄萣區光定里,1160,3,0.002586
6402600-009,高雄市茄萣區大定里,1301,6,0.004612
6402600-010,高雄市茄萣區吉定里,1368,2,0.001462
6402600-011,高雄市茄萣區嘉樂里,2312,1,0.000433
6402600-012,高雄市茄萣區嘉泰里,1378,2,0.001451
6402600-013,高雄市茄萣區嘉福里,1164,2,0.001718
6402600-014,高雄市茄萣區和協里,1352,1,0.00074
6402600-015,高雄市茄萣區崎漏里,5246,7,0.001334
6402800-006,高雄市彌陀區舊港里,1911,2,0.001047
6402800-010,高雄市彌陀區海尾里,1020,1,0.00098
6402900-001,高雄市梓官區梓信里,2556,1,0.000391
6402900-005,高雄市梓官區中崙里,1380,1,0.000725
6402900-006,高雄市梓官區赤崁里,2194,1,0.000456
6402900-008,高雄市梓官區智蚵里,3273,1,0.000306
6402900-011,高雄市梓官區大舍里,4319,5,0.001158
6403000-002,高雄市旗山區大德里,2906,1,0.000344
6403000-003,高雄市旗山區湄洲里,2028,3,0.001479
6403000-009,高雄市旗山區南勝里,2505,1,0.000399
6403000-014,高雄市旗山區瑞吉里,2436,2,0.000821
6403100-003,高雄市美濃區祿興里,2974,2,0.000672
6403100-014,高雄市美濃區瀰濃里,2607,1,0.000384
6403100-017,高雄市美濃區吉和里,1620,1,0.000617
6403300-007,高雄市甲仙區小林里,617,1,0.001621
6403500-008,高雄市內門區內豊里,1455,1,0.000687
1000201-008,宜蘭縣宜蘭市進士里,2424,1,0.000413
1000201-024,宜蘭縣宜蘭市新生里,3008,1,0.000332
1000202-026,宜蘭縣羅東鎮國華里,5580,1,0.000179
1000209-004,宜蘭縣五結鄉上四村,1757,1,0.000569
1000210-008,宜蘭縣三星鄉月眉村,1032,1,0.000969
1000401-012,新竹縣竹北市聯興里,5367,1,0.000186
1000401-013,新竹縣竹北市麻園里,2213,1,0.000452
1000401-025,新竹縣竹北市新崙里,7062,1,0.000142
1000401-030,新竹縣竹北市文化里,4470,1,0.000224
1000403-003,新竹縣新埔鎮文山里,4818,1,0.000208
1000402-006,新竹縣竹東鎮上舘里,10920,1,9.2E-5
1000402-016,新竹縣竹東鎮頭重里,5134,2,0.00039
1000402-021,新竹縣竹東鎮中正里,2188,1,0.000457
1000405-009,新竹縣湖口鄉長安村,1419,1,0.000705
1000405-010,新竹縣湖口鄉湖口村,3421,1,0.000292
1000405-014,新竹縣湖口鄉鳳凰村,5953,1,0.000168
1000406-007,新竹縣新豐鄉中崙村,3922,1,0.000255
1000406-010,新竹縣新豐鄉員山村,2954,2,0.000677
1000502-010,苗栗縣苑裡鎮中正里,2612,1,0.000383
1000503-020,苗栗縣通霄鎮新埔里,1478,1,0.000677
1000505-004,苗栗縣頭份鎮新華里,4584,1,0.000218
1000505-030,苗栗縣頭份鎮自強里,2596,1,0.000385
1000701-026,彰化縣彰化市東芳里,4189,1,0.000239
1000701-031,彰化縣彰化市平和里,5038,1,0.000198
1000701-037,彰化縣彰化市華陽里,2201,1,0.000454
1000701-039,彰化縣彰化市南瑤里,9185,1,0.000109
1000710-002,彰化縣員林市民生里,3245,1,0.000308
1000710-017,彰化縣員林市三條里,3108,2,0.000644
1000710-024,彰化縣員林市萬年里,4149,1,0.000241
1000702-012,彰化縣鹿港鎮景福里,1350,1,0.000741
1000703-025,彰化縣和美鎮糖友里,5015,1,0.000199
1000716-014,彰化縣永靖鄉永興村,1927,1,0.000519
1000801-013,南投縣南投市振興里,2452,1,0.000408
1000802-032,南投縣埔里鎮北梅里,3911,1,0.000256
1000803-025,南投縣草屯鎮中山里,2921,1,0.000342
1000804-003,南投縣竹山鎮中山里,5412,1,0.000185
1000901-026,雲林縣斗六市榴中里,5239,1,0.000191
1000901-030,雲林縣斗六市長安里,3366,1,0.000297
1000902-002,雲林縣斗南鎮西岐里,6379,1,0.000157
1000903-006,雲林縣虎尾鎮西安里,3905,1,0.000256
1000903-009,雲林縣虎尾鎮興南里,2746,1,0.000364
1000906-025,雲林縣北港鎮樹腳里,3601,1,0.000278
1000908-004,雲林縣大埤鄉松竹村,1125,1,0.000889
1000917-008,雲林縣元長鄉潭西村,912,1,0.001096
1001001-005,嘉義縣太保市梅埔里,1367,1,0.000732
1001001-008,嘉義縣太保市東勢里,2152,1,0.000465
1001002-005,嘉義縣朴子市順天里,765,1,0.001307
1001002-017,嘉義縣朴子市大葛里,3893,2,0.000514
1001003-005,嘉義縣布袋鎮光復里,1983,1,0.000504
1001003-019,嘉義縣布袋鎮西安里,1409,1,0.00071
1001004-001,嘉義縣大林鎮東林里,603,1,0.001658
1001005-003,嘉義縣民雄鄉西安村,4068,1,0.000246
1001007-001,嘉義縣新港鄉宮前村,2629,1,0.00038
1001010-002,嘉義縣義竹鄉義竹村,1769,1,0.000565
1001010-018,嘉義縣義竹鄉新富村,605,1,0.001653
1001301-012,屏東縣屏東市維新里,3146,2,0.000636
1001301-016,屏東縣屏東市扶風里,745,1,0.001342
1001301-022,屏東縣屏東市長春里,2526,1,0.000396
1001301-025,屏東縣屏東市豐田里,5058,1,0.000198
1001301-026,屏東縣屏東市大連里,11433,1,8.7E-5
1001301-031,屏東縣屏東市新生里,6372,1,0.000157
1001301-035,屏東縣屏東市建國里,1106,2,0.001808
1001301-036,屏東縣屏東市一心里,1420,1,0.000704
1001301-041,屏東縣屏東市新興里,3150,1,0.000317
1001301-055,屏東縣屏東市清溪里,4679,1,0.000214
1001301-060,屏東縣屏東市華山里,6171,1,0.000162
1001301-065,屏東縣屏東市勝利里,6004,2,0.000333
1001301-066,屏東縣屏東市永城里,2464,18,0.007305
1001301-069,屏東縣屏東市北興里,7244,1,0.000138
1001301-073,屏東縣屏東市崇蘭里,13798,2,0.000145
1001301-075,屏東縣屏東市潭墘里,13300,3,0.000226
1001302-009,屏東縣潮州鎮三和里,2495,1,0.000401
1001303-002,屏東縣東港鎮頂新里,658,1,0.00152
1001303-007,屏東縣東港鎮朝安里,2135,1,0.000468
1001303-016,屏東縣東港鎮船頭里,6554,1,0.000153
1001303-019,屏東縣東港鎮興東里,10518,2,0.00019
1001304-002,屏東縣恆春鎮城北里,2743,3,0.001094
1001304-016,屏東縣恆春鎮墾丁里,1502,1,0.000666
1001304-017,屏東縣恆春鎮鵝鑾里,1350,1,0.000741
1001306-006,屏東縣長治鄉德成村,1042,1,0.00096
1001306-014,屏東縣長治鄉繁榮村,1643,1,0.000609
1001307-004,屏東縣麟洛鄉麟趾村,2882,1,0.000347
1001310-002,屏東縣鹽埔鄉高朗村,3366,1,0.000297
1001313-017,屏東縣內埔鄉龍泉村,2902,1,0.000345
1001314-001,屏東縣竹田鄉竹田村,1731,1,0.000578
1001316-003,屏東縣枋寮鄉保生村,1142,1,0.000876
1001317-014,屏東縣新園鄉鹽埔村,5194,1,0.000193
1001325-001,屏東縣枋山鄉枋山村,1205,1,0.00083
1001325-002,屏東縣枋山鄉加祿村,2287,1,0.000437
1001328-006,屏東縣瑪家鄉三和村,2352,1,0.000425
1001409-008,臺東縣太麻里鄉金崙村,2003,3,0.001498
1001501-016,花蓮縣花蓮市國富里,5986,1,0.000167
1001501-045,花蓮縣花蓮市民孝里,4197,2,0.000477
1001505-005,花蓮縣吉安鄉慶豐村,7756,1,0.000129
1001506-013,花蓮縣壽豐鄉月眉村,967,1,0.001034
1001601-008,澎湖縣馬公市光復里,2331,1,0.000429
1001603-008,澎湖縣白沙鄉赤崁村,1936,1,0.000517
1001701-005,基隆市中正區港通里,1409,1,0.00071
1001707-010,基隆市信義區禮東里,1719,1,0.000582
1001707-018,基隆市信義區孝賢里,3816,1,0.000262
1001801-016,新竹市東區振興里,6603,1,0.000151
1001801-024,新竹市東區豐功里,5950,1,0.000168
1001801-030,新竹市東區柴橋里,6085,1,0.000164
1001801-031,新竹市東區高峰里,7091,2,0.000282
1001801-033,新竹市東區光明里,4024,1,0.000249
1001801-045,新竹市東區金山里,6481,1,0.000154
1001801-046,新竹市東區關東里,5980,1,0.000167
1001802-030,新竹市北區客雅里,2235,1,0.000447
1001802-034,新竹市北區南勢里,4782,1,0.000209
1001802-044,新竹市北區台溪里,1790,1,0.000559
1002001-001,嘉義市東區荖藤里,5172,1,0.000193
1002001-035,嘉義市東區新店里,5085,1,0.000197
1002001-039,嘉義市東區太平里,5357,1,0.000187
1002001-043,嘉義市東區長竹里,3515,1,0.000284
1002001-045,嘉義市東區新開里,2387,1,0.000419
1002001-054,嘉義市東區興村里,4644,1,0.000215
1002001-061,嘉義市東區中山里,2282,1,0.000438
1002002-022,嘉義市西區新西里,2631,1,0.00038
1002002-050,嘉義市西區美源里,4480,1,0.000223
1002002-053,嘉義市西區光路里,6395,1,0.000156
1002002-058,嘉義市西區文化里,2614,1,0.000383
0902001-002,金門縣金城鎮西門里,11380,1,8.8E-5
0902003-006,金門縣金湖鎮新湖里,7977,1,0.000125
0902002-004,金門縣金沙鎮光前里,2517,1,0.000397
0902005-002,金門縣烈嶼鄉上林村,1510,1,0.000662
