id,lat,long,source,timestamp
91476,22.9997055,120.1959955,AndroidDevice_867159020018780,2015-10-20 14:22:27
91480,22.9997055,120.1959955,AndroidDevice_867159020018780,2015-10-20 14:22:36
91533,22.9997543,120.1960453,AndroidDevice_867159020018780,2015-10-20 14:26:49
91541,22.9996608,120.1960899,AndroidDevice_867159020018780,2015-10-20 14:26:57
91570,22.9994055,120.1962843,AndroidDevice_867159020018780,2015-10-20 14:29:25
91641,22.9989425,120.1963869,AndroidDevice_867159020018780,2015-10-20 14:33:26
91647,22.9989425,120.1963869,AndroidDevice_867159020018780,2015-10-20 14:33:35
91652,22.998834,120.1962561,AndroidDevice_867159020018780,2015-10-20 14:33:44
91759,22.9989001,120.1958467,AndroidDevice_867159020018780,2015-10-20 14:41:21
91772,22.9996046,120.1955464,AndroidDevice_867159020018780,2015-10-20 14:41:55
91773,22.9996046,120.1955464,AndroidDevice_867159020018780,2015-10-20 14:42:03
91812,22.9990517,120.1954003,AndroidDevice_867159020018780,2015-10-20 14:45:25
91852,23.0006721,120.1959622,AndroidDevice_867159020018780,2015-10-20 14:49:41
91855,23.0006721,120.1959622,AndroidDevice_867159020018780,2015-10-20 14:49:49
91895,22.9988404,120.1958884,AndroidDevice_867159020018780,2015-10-20 14:53:33
93825,22.9979291,120.1721104,AndroidDevice_867159020018780,2015-10-21 08:27:31
93832,22.9979291,120.1721104,AndroidDevice_867159020018780,2015-10-21 08:27:39
93897,22.9991027,120.1720249,AndroidDevice_867159020018780,2015-10-21 08:30:44
93901,22.9991027,120.1720249,AndroidDevice_867159020018780,2015-10-21 08:30:52
93977,22.9987926,120.1721931,AndroidDevice_867159020018780,2015-10-21 08:34:43
93983,22.9987926,120.1721931,AndroidDevice_867159020018780,2015-10-21 08:34:51
94019,22.9987926,120.1721931,AndroidDevice_867159020018780,2015-10-21 08:36:23
94148,22.9987316,120.1710865,AndroidDevice_867159020018780,2015-10-21 08:42:42
94152,22.9987316,120.1710865,AndroidDevice_867159020018780,2015-10-21 08:42:50
94311,22.9991046,120.1714017,AndroidDevice_867159020018780,2015-10-21 08:50:42
94316,22.9991046,120.1714017,AndroidDevice_867159020018780,2015-10-21 08:50:50
94405,22.9988409,120.1716601,AndroidDevice_867159020018780,2015-10-21 08:54:45
94409,22.9988409,120.1716601,AndroidDevice_867159020018780,2015-10-21 08:54:54
94414,22.9988409,120.1716601,AndroidDevice_867159020018780,2015-10-21 08:55:02
94444,22.9988409,120.1716601,AndroidDevice_867159020018780,2015-10-21 08:56:24
94449,22.9988409,120.1716601,AndroidDevice_867159020018780,2015-10-21 08:56:37
94492,22.9986663,120.1717212,AndroidDevice_867159020018780,2015-10-21 08:58:42
94496,22.9986663,120.1717212,AndroidDevice_867159020018780,2015-10-21 08:58:50
94502,22.9986663,120.1717212,AndroidDevice_867159020018780,2015-10-21 08:59:00
94661,22.9984287,120.1721942,AndroidDevice_867159020018780,2015-10-21 09:06:42
94666,22.9984287,120.1721942,AndroidDevice_867159020018780,2015-10-21 09:06:50
94670,22.9984287,120.1721942,AndroidDevice_867159020018780,2015-10-21 09:06:58
94674,22.9984422,120.1721804,AndroidDevice_867159020018780,2015-10-21 09:07:06
94855,22.9987666,120.171768,AndroidDevice_867159020018780,2015-10-21 09:14:42
94860,22.9984179,120.1726276,AndroidDevice_867159020018780,2015-10-21 09:14:50
94941,22.9989171,120.1721279,AndroidDevice_867159020018780,2015-10-21 09:18:45
94946,22.9989171,120.1721279,AndroidDevice_867159020018780,2015-10-21 09:18:54
95090,23.0007854,120.1725043,AndroidDevice_867159020018780,2015-10-21 09:26:24
95094,23.0007854,120.1725043,AndroidDevice_867159020018780,2015-10-21 09:26:32
95124,23.0007854,120.1725043,AndroidDevice_867159020018780,2015-10-21 09:27:50
95185,23.0014648,120.1722535,AndroidDevice_867159020018780,2015-10-21 09:30:44
95190,23.0014648,120.1722535,AndroidDevice_867159020018780,2015-10-21 09:30:53
95341,23.0016926,120.1719015,AndroidDevice_867159020018780,2015-10-21 09:38:41
95345,23.0016926,120.1719015,AndroidDevice_867159020018780,2015-10-21 09:38:49
95532,23.0018537,120.1716246,AndroidDevice_867159020018780,2015-10-21 09:46:22
95534,23.001732,120.1718675,AndroidDevice_867159020018780,2015-10-21 09:46:30
95538,23.001732,120.1718675,AndroidDevice_867159020018780,2015-10-21 09:46:39
95544,23.001732,120.1718675,AndroidDevice_867159020018780,2015-10-21 09:46:48
95549,23.0014754,120.1717519,AndroidDevice_867159020018780,2015-10-21 09:46:56
95555,23.0014754,120.1717519,AndroidDevice_867159020018780,2015-10-21 09:47:06
95588,23.0015711,120.1717942,AndroidDevice_867159020018780,2015-10-21 09:48:22
95601,23.0018197,120.1719882,AndroidDevice_867159020018780,2015-10-21 09:48:53
95746,23.0017726,120.1720934,AndroidDevice_867159020018780,2015-10-21 09:54:42
95750,23.0017726,120.1720934,AndroidDevice_867159020018780,2015-10-21 09:54:50
95755,23.0017726,120.1720934,AndroidDevice_867159020018780,2015-10-21 09:54:59
95804,23.0017726,120.1720934,AndroidDevice_867159020018780,2015-10-21 09:56:24
96085,23.0011417,120.1717288,AndroidDevice_867159020018780,2015-10-21 10:06:23
96089,23.0011417,120.1717288,AndroidDevice_867159020018780,2015-10-21 10:06:31
96094,23.0011417,120.1717288,AndroidDevice_867159020018780,2015-10-21 10:06:39
96394,23.0009063,120.1717556,AndroidDevice_867159020018780,2015-10-21 10:18:41
96399,23.0009063,120.1717556,AndroidDevice_867159020018780,2015-10-21 10:18:50
96403,23.0009063,120.1717556,AndroidDevice_867159020018780,2015-10-21 10:18:58
96581,23.0017844,120.1720411,AndroidDevice_867159020018780,2015-10-21 10:26:24
96586,23.0017844,120.1720411,AndroidDevice_867159020018780,2015-10-21 10:26:32
96590,23.0017844,120.1720411,AndroidDevice_867159020018780,2015-10-21 10:26:41
96597,23.0017844,120.1720411,AndroidDevice_867159020018780,2015-10-21 10:26:49
96604,23.0017844,120.1720411,AndroidDevice_867159020018780,2015-10-21 10:26:57
96609,23.0017844,120.1720411,AndroidDevice_867159020018780,2015-10-21 10:27:06
96621,23.0017844,120.1720411,AndroidDevice_867159020018780,2015-10-21 10:27:24
96629,23.0014351,120.1718853,AndroidDevice_867159020018780,2015-10-21 10:27:48
106671,23.0006453,120.1895473,AndroidDevice_867159020018780,2015-10-22 08:06:50
106674,23.000678,120.1895368,AndroidDevice_867159020018780,2015-10-22 08:07:00
106678,23.000678,120.1895368,AndroidDevice_867159020018780,2015-10-22 08:07:12
106681,23.0006832,120.1895926,AndroidDevice_867159020018780,2015-10-22 08:07:22
106684,23.0006832,120.1895926,AndroidDevice_867159020018780,2015-10-22 08:07:30
106735,23.0007071,120.1896289,AndroidDevice_867159020018780,2015-10-22 08:11:01
106738,23.0012757,120.1903629,AndroidDevice_867159020018780,2015-10-22 08:11:09
106827,23.0013004,120.1904089,AndroidDevice_867159020018780,2015-10-22 08:15:43
106831,23.0008853,120.1912927,AndroidDevice_867159020018780,2015-10-22 08:15:51
106835,23.0008853,120.1912927,AndroidDevice_867159020018780,2015-10-22 08:15:59
106922,23.0002264,120.1921449,AndroidDevice_867159020018780,2015-10-22 08:19:42
107007,23.0006981,120.1915368,AndroidDevice_867159020018780,2015-10-22 08:23:43
107015,23.0006981,120.1915368,AndroidDevice_867159020018780,2015-10-22 08:23:57
107061,23.0006981,120.1915368,AndroidDevice_867159020018780,2015-10-22 08:26:13
107065,23.000647,120.1915796,AndroidDevice_867159020018780,2015-10-22 08:26:21
107174,23.0008666,120.1913233,AndroidDevice_867159020018780,2015-10-22 08:31:46
107181,23.0008666,120.1913233,AndroidDevice_867159020018780,2015-10-22 08:31:54
107186,23.0008666,120.1913233,AndroidDevice_867159020018780,2015-10-22 08:32:02
107189,23.0008666,120.1913233,AndroidDevice_867159020018780,2015-10-22 08:32:10
107275,23.0009107,120.1904726,AndroidDevice_867159020018780,2015-10-22 08:36:11
107278,23.0008752,120.1904404,AndroidDevice_867159020018780,2015-10-22 08:36:19
107432,23.000792,120.1905902,AndroidDevice_867159020018780,2015-10-22 08:43:43
107436,23.000792,120.1905902,AndroidDevice_867159020018780,2015-10-22 08:43:51
107440,23.00084,120.190744,AndroidDevice_867159020018780,2015-10-22 08:44:00
107443,23.00084,120.190744,AndroidDevice_867159020018780,2015-10-22 08:44:08
107447,23.00084,120.190744,AndroidDevice_867159020018780,2015-10-22 08:44:16
107519,23.0004941,120.1908932,AndroidDevice_867159020018780,2015-10-22 08:47:43
107524,23.0004941,120.1908932,AndroidDevice_867159020018780,2015-10-22 08:47:51
107620,23.0004531,120.1908228,AndroidDevice_867159020018780,2015-10-22 08:51:42
107709,23.0005637,120.1913553,AndroidDevice_867159020018780,2015-10-22 08:55:42
107713,23.0005637,120.1913553,AndroidDevice_867159020018780,2015-10-22 08:55:50
107796,22.9998563,120.1908354,AndroidDevice_867159020018780,2015-10-22 08:59:42
107892,22.9999638,120.1908581,AndroidDevice_867159020018780,2015-10-22 09:03:46
107965,22.9998999,120.1908501,AndroidDevice_867159020018780,2015-10-22 09:07:15
108202,23.0000854,120.1911272,AndroidDevice_867159020018780,2015-10-22 09:15:41
108212,23.0000854,120.1911272,AndroidDevice_867159020018780,2015-10-22 09:15:50
108336,23.0002945,120.1918607,AndroidDevice_867159020018780,2015-10-22 09:19:45
108555,22.9992553,120.1909458,AndroidDevice_867159020018780,2015-10-22 09:27:42
108563,22.9992553,120.1909458,AndroidDevice_867159020018780,2015-10-22 09:27:51
108568,22.9992553,120.1909458,AndroidDevice_867159020018780,2015-10-22 09:27:59
108575,22.9992553,120.1909458,AndroidDevice_867159020018780,2015-10-22 09:28:07
108799,23.0006887,120.1897858,AndroidDevice_867159020018780,2015-10-22 09:35:41
108809,23.0006887,120.1897858,AndroidDevice_867159020018780,2015-10-22 09:35:50
108913,23.0001451,120.1899126,AndroidDevice_867159020018780,2015-10-22 09:39:43
108954,23.0001451,120.1899126,AndroidDevice_867159020018780,2015-10-22 09:40:46
109028,23.0001798,120.1899652,AndroidDevice_867159020018780,2015-10-22 09:43:42
109110,23.0001798,120.1899652,AndroidDevice_867159020018780,2015-10-22 09:46:12
109149,25.1469472,121.7258126,AndroidDevice_867159020018780,2015-10-22 09:47:42
109400,22.9996996,120.1899196,AndroidDevice_867159020018780,2015-10-22 09:55:42
109410,22.9996996,120.1899196,AndroidDevice_867159020018780,2015-10-22 09:55:51
109528,22.9993667,120.1901646,AndroidDevice_867159020018780,2015-10-22 09:59:43
109663,22.9993251,120.1901137,AndroidDevice_867159020018780,2015-10-22 10:03:42
109759,22.9992791,120.190117,AndroidDevice_867159020018780,2015-10-22 10:06:10
109810,22.9992791,120.190117,AndroidDevice_867159020018780,2015-10-22 10:07:43
110079,22.9990302,120.1906416,AndroidDevice_867159020018780,2015-10-22 10:15:41
110085,22.9990302,120.1906416,AndroidDevice_867159020018780,2015-10-22 10:15:49
110230,22.9999703,120.1897965,AndroidDevice_867159020018780,2015-10-22 10:19:41
110389,23.0005853,120.1893756,AndroidDevice_867159020018780,2015-10-22 10:23:41
110488,23.0005853,120.1893756,AndroidDevice_867159020018780,2015-10-22 10:26:12
110548,23.0006638,120.1894105,AndroidDevice_867159020018780,2015-10-22 10:27:42
110870,22.9998615,120.1898742,AndroidDevice_867159020018780,2015-10-22 10:35:42
110875,22.9998615,120.1898742,AndroidDevice_867159020018780,2015-10-22 10:35:50
111049,22.9995192,120.1897697,AndroidDevice_867159020018780,2015-10-22 10:39:41
111228,22.9992283,120.1897434,AndroidDevice_867159020018780,2015-10-22 10:43:41
111346,22.9992283,120.1897434,AndroidDevice_867159020018780,2015-10-22 10:46:11
111591,22.9989741,120.190577,AndroidDevice_867159020018780,2015-10-22 10:51:40
111600,22.9989741,120.190577,AndroidDevice_867159020018780,2015-10-22 10:51:50
111755,22.9986059,120.1902325,AndroidDevice_867159020018780,2015-10-22 10:55:43
111776,22.9985728,120.1902746,AndroidDevice_867159020018780,2015-10-22 10:56:10
111833,22.9984124,120.1900338,AndroidDevice_867159020018780,2015-10-22 10:57:42
115677,22.9930623,120.2028541,AndroidDevice_867159020018780,2015-10-22 13:47:43
115685,22.9930623,120.2028541,AndroidDevice_867159020018780,2015-10-22 13:47:55
115692,22.9930623,120.2028541,AndroidDevice_867159020018780,2015-10-22 13:48:04
115697,22.9930837,120.2028436,AndroidDevice_867159020018780,2015-10-22 13:48:14
115705,22.9930837,120.2028436,AndroidDevice_867159020018780,2015-10-22 13:48:23
115808,22.9931529,120.2028265,AndroidDevice_867159020018780,2015-10-22 13:51:45
115814,22.9931529,120.2028265,AndroidDevice_867159020018780,2015-10-22 13:51:53
115835,22.9931622,120.2028349,AndroidDevice_867159020018780,2015-10-22 13:52:39
115937,22.9931484,120.2028468,AndroidDevice_867159020018780,2015-10-22 13:55:41
116001,22.9931484,120.2028468,AndroidDevice_867159020018780,2015-10-22 13:57:38
116007,22.9928981,120.2033592,AndroidDevice_867159020018780,2015-10-22 13:57:47
116069,22.9931951,120.2028743,AndroidDevice_867159020018780,2015-10-22 13:59:43
116215,22.9929395,120.2039082,AndroidDevice_867159020018780,2015-10-22 14:04:30
116219,22.9929395,120.2039082,AndroidDevice_867159020018780,2015-10-22 14:04:39
116225,22.9929395,120.2039082,AndroidDevice_867159020018780,2015-10-22 14:04:47
116294,22.9929395,120.2039082,AndroidDevice_867159020018780,2015-10-22 14:07:08
116299,22.9929395,120.2039082,AndroidDevice_867159020018780,2015-10-22 14:07:16
116418,22.9924029,120.2043492,AndroidDevice_867159020018780,2015-10-22 14:11:41
116525,22.9924029,120.2043492,AndroidDevice_867159020018780,2015-10-22 14:15:42
116630,22.9923873,120.2046557,AndroidDevice_867159020018780,2015-10-22 14:19:41
116819,22.9927076,120.2043473,AndroidDevice_867159020018780,2015-10-22 14:27:06
116824,22.992855,120.204043,AndroidDevice_867159020018780,2015-10-22 14:27:14
116943,22.9922747,120.2044267,AndroidDevice_867159020018780,2015-10-22 14:31:42
117042,22.9920856,120.2028956,AndroidDevice_867159020018780,2015-10-22 14:35:42
117048,22.9920856,120.2028956,AndroidDevice_867159020018780,2015-10-22 14:35:51
117081,22.9922515,120.2043532,AndroidDevice_867159020018780,2015-10-22 14:37:09
117148,22.9921533,120.2030579,AndroidDevice_867159020018780,2015-10-22 14:39:42
117371,22.9922458,120.2044949,AndroidDevice_867159020018780,2015-10-22 14:47:07
117377,22.9925758,120.2032388,AndroidDevice_867159020018780,2015-10-22 14:47:15
117383,22.9925758,120.2032388,AndroidDevice_867159020018780,2015-10-22 14:47:24
117388,22.9925758,120.2032388,AndroidDevice_867159020018780,2015-10-22 14:47:32
117518,22.9929961,120.2028379,AndroidDevice_867159020018780,2015-10-22 14:51:42
117528,22.9929961,120.2028379,AndroidDevice_867159020018780,2015-10-22 14:51:53
117592,22.993049,120.2028305,AndroidDevice_867159020018780,2015-10-22 14:54:08
118078,22.9926137,120.2028944,AndroidDevice_867159020018780,2015-10-22 15:11:25
118083,22.9926137,120.2028944,AndroidDevice_867159020018780,2015-10-22 15:11:36
118091,22.9926333,120.2029025,AndroidDevice_867159020018780,2015-10-22 15:11:45
118097,22.9926333,120.2029025,AndroidDevice_867159020018780,2015-10-22 15:11:56
118102,22.9926056,120.2029264,AndroidDevice_867159020018780,2015-10-22 15:12:06
118198,22.9926936,120.2029373,AndroidDevice_867159020018780,2015-10-22 15:15:43
118204,22.9926936,120.2029373,AndroidDevice_867159020018780,2015-10-22 15:15:51
118331,22.9926042,120.2028904,AndroidDevice_867159020018780,2015-10-22 15:19:42
118383,22.992547,120.2028674,AndroidDevice_867159020018780,2015-10-22 15:21:42
118611,22.9926335,120.2029001,AndroidDevice_867159020018780,2015-10-22 15:30:49
118617,22.9926335,120.2029001,AndroidDevice_867159020018780,2015-10-22 15:30:58
118623,22.9926335,120.2029001,AndroidDevice_867159020018780,2015-10-22 15:31:06
118628,22.9926335,120.2029001,AndroidDevice_867159020018780,2015-10-22 15:31:14
118639,22.9925589,120.202868,AndroidDevice_867159020018780,2015-10-22 15:31:46
118831,22.9926215,120.2028892,AndroidDevice_867159020018780,2015-10-22 15:39:43
118835,22.9926215,120.2028892,AndroidDevice_867159020018780,2015-10-22 15:39:51
119040,22.9926943,120.2029374,AndroidDevice_867159020018780,2015-10-22 15:47:41
119045,22.9926943,120.2029374,AndroidDevice_867159020018780,2015-10-22 15:47:49
119119,22.9926943,120.2029374,AndroidDevice_867159020018780,2015-10-22 15:50:49
119127,22.9926943,120.2029374,AndroidDevice_867159020018780,2015-10-22 15:50:57
119145,22.9926365,120.2029052,AndroidDevice_867159020018780,2015-10-22 15:51:41
119255,22.9926507,120.2029158,AndroidDevice_867159020018780,2015-10-22 15:55:42
119443,22.9926943,120.2029374,AndroidDevice_867159020018780,2015-10-22 16:03:43
119446,22.9926943,120.2029374,AndroidDevice_867159020018780,2015-10-22 16:03:51
119514,22.9926943,120.2029374,AndroidDevice_867159020018780,2015-10-22 16:07:49
119566,22.9926943,120.2029374,AndroidDevice_867159020018780,2015-10-22 16:10:53
119583,22.9956224,120.1954928,AndroidDevice_867159020018780,2015-10-22 16:11:42
119587,22.9956224,120.1954928,AndroidDevice_867159020018780,2015-10-22 16:11:51
119640,22.9982105,120.1828825,AndroidDevice_867159020018780,2015-10-22 16:15:41
119725,22.9984772,120.1692912,AndroidDevice_867159020018780,2015-10-22 16:20:49
119727,22.9984772,120.1692912,AndroidDevice_867159020018780,2015-10-22 16:20:57
119760,23.0017282,120.1648711,AndroidDevice_867159020018780,2015-10-22 16:23:42
119764,23.0017282,120.1648711,AndroidDevice_867159020018780,2015-10-22 16:23:51
119767,23.0017282,120.1648711,AndroidDevice_867159020018780,2015-10-22 16:23:59
119830,22.9957944,120.1438555,AndroidDevice_867159020018780,2015-10-22 16:27:45
119834,22.9957944,120.1438555,AndroidDevice_867159020018780,2015-10-22 16:27:56
119875,22.9957944,120.1438555,AndroidDevice_867159020018780,2015-10-22 16:30:50
119878,22.9957462,120.1437855,AndroidDevice_867159020018780,2015-10-22 16:30:58
119888,22.9958112,120.1438805,AndroidDevice_867159020018780,2015-10-22 16:31:41
119942,22.9958438,120.1439211,AndroidDevice_867159020018780,2015-10-22 16:35:41
120019,22.9958352,120.1439133,AndroidDevice_867159020018780,2015-10-22 16:40:48
120021,22.9958352,120.1439133,AndroidDevice_867159020018780,2015-10-22 16:40:57
120024,22.9958302,120.143902,AndroidDevice_867159020018780,2015-10-22 16:41:05
120066,22.9958133,120.1438803,AndroidDevice_867159020018780,2015-10-22 16:43:47
120122,22.9957962,120.1438559,AndroidDevice_867159020018780,2015-10-22 16:47:45
120126,22.9957962,120.1438559,AndroidDevice_867159020018780,2015-10-22 16:47:54
120171,22.9957962,120.1438559,AndroidDevice_867159020018780,2015-10-22 16:50:49
120270,22.995795,120.1438592,AndroidDevice_867159020018780,2015-10-22 16:59:44
120272,22.995795,120.1438592,AndroidDevice_867159020018780,2015-10-22 16:59:52
120274,22.9958126,120.1438817,AndroidDevice_867159020018780,2015-10-22 17:00:01
120276,22.9958126,120.1438817,AndroidDevice_867159020018780,2015-10-22 17:00:09
120373,22.9958405,120.1439157,AndroidDevice_867159020018780,2015-10-22 17:07:42
120376,22.9958405,120.1439157,AndroidDevice_867159020018780,2015-10-22 17:07:50
120424,22.9958133,120.1438803,AndroidDevice_867159020018780,2015-10-22 17:11:44
120524,22.9958689,120.1439473,AndroidDevice_867159020018780,2015-10-22 17:19:43
120527,22.9958689,120.1439473,AndroidDevice_867159020018780,2015-10-22 17:19:51
120529,22.9958778,120.1439633,AndroidDevice_867159020018780,2015-10-22 17:20:00
120533,22.9958778,120.1439633,AndroidDevice_867159020018780,2015-10-22 17:20:08
120542,22.9958778,120.1439633,AndroidDevice_867159020018780,2015-10-22 17:20:49
120580,22.9958095,120.1438783,AndroidDevice_867159020018780,2015-10-22 17:23:42
120582,22.9958095,120.1438783,AndroidDevice_867159020018780,2015-10-22 17:23:50
120631,22.995795,120.1438592,AndroidDevice_867159020018780,2015-10-22 17:27:42
120634,22.995795,120.1438592,AndroidDevice_867159020018780,2015-10-22 17:27:50
120673,22.9958139,120.1438803,AndroidDevice_867159020018780,2015-10-22 17:30:46
120678,22.9958139,120.1438803,AndroidDevice_867159020018780,2015-10-22 17:30:54
121313,22.9941273,120.1641742,AndroidDevice_867159020018780,2015-10-23 08:02:32
121320,22.9941261,120.1641219,AndroidDevice_867159020018780,2015-10-23 08:02:40
121327,22.9941264,120.1641222,AndroidDevice_867159020018780,2015-10-23 08:02:53
121340,22.9941264,120.1641222,AndroidDevice_867159020018780,2015-10-23 08:03:12
121346,22.9941264,120.1641222,AndroidDevice_867159020018780,2015-10-23 08:03:22
121355,22.9941264,120.1641222,AndroidDevice_867159020018780,2015-10-23 08:03:32
121363,22.9941264,120.1641222,AndroidDevice_867159020018780,2015-10-23 08:03:45
121475,22.9941264,120.1641222,AndroidDevice_867159020018780,2015-10-23 08:07:03
121622,22.9941226,120.1641108,AndroidDevice_867159020018780,2015-10-23 08:11:40
121730,22.9941226,120.1641108,AndroidDevice_867159020018780,2015-10-23 08:15:40
121851,22.9941261,120.164122,AndroidDevice_867159020018780,2015-10-23 08:19:46
121859,22.9941261,120.164122,AndroidDevice_867159020018780,2015-10-23 08:19:54
121968,22.9941251,120.1641718,AndroidDevice_867159020018780,2015-10-23 08:23:43
122054,22.9941251,120.1641718,AndroidDevice_867159020018780,2015-10-23 08:27:40
122155,22.9941251,120.1641718,AndroidDevice_867159020018780,2015-10-23 08:31:41
122246,22.9941251,120.1641718,AndroidDevice_867159020018780,2015-10-23 08:35:39
122431,22.9941264,120.1641219,AndroidDevice_867159020018780,2015-10-23 08:41:46
122437,22.9941264,120.1641219,AndroidDevice_867159020018780,2015-10-23 08:41:54
122628,22.9947624,120.1652686,AndroidDevice_867159020018780,2015-10-23 08:47:39
122637,22.9947624,120.1652686,AndroidDevice_867159020018780,2015-10-23 08:47:47
122808,22.9947172,120.1641734,AndroidDevice_867159020018780,2015-10-23 08:51:40
122979,22.9947172,120.1641734,AndroidDevice_867159020018780,2015-10-23 08:55:40
123188,22.9947172,120.1641734,AndroidDevice_867159020018780,2015-10-23 08:59:41
123272,22.9940477,120.1639858,AndroidDevice_867159020018780,2015-10-23 09:01:46
123527,22.9940477,120.1639858,AndroidDevice_867159020018780,2015-10-23 09:07:41
123541,22.9940477,120.1639858,AndroidDevice_867159020018780,2015-10-23 09:07:49
123870,22.9941272,120.1641548,AndroidDevice_867159020018780,2015-10-23 09:15:39
123886,22.9941272,120.1641548,AndroidDevice_867159020018780,2015-10-23 09:15:47
124446,22.9941272,120.1641532,AndroidDevice_867159020018780,2015-10-23 09:27:39
124471,22.9941272,120.1641532,AndroidDevice_867159020018780,2015-10-23 09:27:47
124649,22.9941272,120.1641532,AndroidDevice_867159020018780,2015-10-23 09:31:42
124790,22.9941272,120.1641532,AndroidDevice_867159020018780,2015-10-23 09:35:39
125064,22.9941255,120.1641092,AndroidDevice_867159020018780,2015-10-23 09:41:45
125074,22.9941254,120.164153,AndroidDevice_867159020018780,2015-10-23 09:41:53
125497,22.9941258,120.1641416,AndroidDevice_867159020018780,2015-10-23 09:51:40
125519,22.9941258,120.1641416,AndroidDevice_867159020018780,2015-10-23 09:51:48
125665,22.994127,120.1641537,AndroidDevice_867159020018780,2015-10-23 09:55:40
125917,22.9941251,120.1641603,AndroidDevice_867159020018780,2015-10-23 10:01:43
125922,22.9941251,120.1641603,AndroidDevice_867159020018780,2015-10-23 10:01:51
126136,22.9941251,120.1641603,AndroidDevice_867159020018780,2015-10-23 10:07:39
126290,22.9941251,120.1641603,AndroidDevice_867159020018780,2015-10-23 10:11:40
126422,22.9941272,120.1641449,AndroidDevice_867159020018780,2015-10-23 10:15:39
126632,22.9941269,120.1641227,AndroidDevice_867159020018780,2015-10-23 10:21:42
126959,22.9941269,120.1641227,AndroidDevice_867159020018780,2015-10-23 10:31:42
126976,22.9941269,120.1641227,AndroidDevice_867159020018780,2015-10-23 10:31:51
127241,22.9941263,120.1641227,AndroidDevice_867159020018780,2015-10-23 10:39:39
127256,22.9941263,120.1641227,AndroidDevice_867159020018780,2015-10-23 10:39:47
127539,22.9948038,120.1644753,AndroidDevice_867159020018780,2015-10-23 10:47:40
127553,22.9948038,120.1644753,AndroidDevice_867159020018780,2015-10-23 10:47:48
127681,22.9948038,120.1644753,AndroidDevice_867159020018780,2015-10-23 10:51:43
127888,22.9941259,120.1641224,AndroidDevice_867159020018780,2015-10-23 10:57:07
127895,22.9941259,120.1641224,AndroidDevice_867159020018780,2015-10-23 10:57:20
127902,22.994127,120.1641771,AndroidDevice_867159020018780,2015-10-23 10:57:32
127908,22.994127,120.1641771,AndroidDevice_867159020018780,2015-10-23 10:57:41
127913,22.9945522,120.165413,AndroidDevice_867159020018780,2015-10-23 10:57:50
127921,22.99494,120.1676339,AndroidDevice_867159020018780,2015-10-23 10:58:05
127932,22.99494,120.1676339,AndroidDevice_867159020018780,2015-10-23 10:58:26
127947,22.9945055,120.166592,AndroidDevice_867159020018780,2015-10-23 10:58:52
128037,22.9943793,120.1689854,AndroidDevice_867159020018780,2015-10-23 11:01:36
133470,23.0017104,120.1584735,AndroidDevice_867159020018780,2015-10-23 15:11:43
133476,23.0012279,120.1593859,AndroidDevice_867159020018780,2015-10-23 15:11:56
133483,23.0012279,120.1593859,AndroidDevice_867159020018780,2015-10-23 15:12:09
133486,23.0014114,120.1589032,AndroidDevice_867159020018780,2015-10-23 15:12:17
133491,23.0014114,120.1589032,AndroidDevice_867159020018780,2015-10-23 15:12:28
133494,23.0006903,120.1595425,AndroidDevice_867159020018780,2015-10-23 15:12:39
133498,23.0006826,120.1595572,AndroidDevice_867159020018780,2015-10-23 15:12:50
133504,23.0006826,120.1595572,AndroidDevice_867159020018780,2015-10-23 15:13:08
133509,22.9997319,120.1600929,AndroidDevice_867159020018780,2015-10-23 15:13:18
133517,22.9997026,120.1602238,AndroidDevice_867159020018780,2015-10-23 15:13:30
133521,22.9997026,120.1602238,AndroidDevice_867159020018780,2015-10-23 15:13:38
133523,22.9997026,120.1602238,AndroidDevice_867159020018780,2015-10-23 15:13:48
133527,22.9998987,120.1599462,AndroidDevice_867159020018780,2015-10-23 15:13:58
133530,22.9998987,120.1599462,AndroidDevice_867159020018780,2015-10-23 15:14:08
133540,23.0017058,120.1585017,AndroidDevice_867159020018780,2015-10-23 15:14:40
133555,22.9997762,120.1601821,AndroidDevice_867159020018780,2015-10-23 15:15:33
133561,22.9997063,120.1598401,AndroidDevice_867159020018780,2015-10-23 15:15:53
133567,22.9995311,120.1592337,AndroidDevice_867159020018780,2015-10-23 15:16:13
133581,23.0009351,120.1595146,AndroidDevice_867159020018780,2015-10-23 15:17:17
133587,23.0011706,120.1594743,AndroidDevice_867159020018780,2015-10-23 15:17:38
139039,23.0008355,120.1673858,AndroidDevice_867159020018780,2015-10-25 08:23:21
139041,23.0007258,120.1673632,AndroidDevice_867159020018780,2015-10-25 08:23:31
139043,23.0007258,120.1673632,AndroidDevice_867159020018780,2015-10-25 08:23:41
139046,23.0007058,120.1673697,AndroidDevice_867159020018780,2015-10-25 08:23:51
139048,23.0009205,120.1672984,AndroidDevice_867159020018780,2015-10-25 08:24:02
139059,23.0008242,120.167358,AndroidDevice_867159020018780,2015-10-25 08:25:05
139064,23.0007605,120.1674132,AndroidDevice_867159020018780,2015-10-25 08:25:25
139067,23.0007755,120.1673307,AndroidDevice_867159020018780,2015-10-25 08:25:46
139071,23.000873,120.1672984,AndroidDevice_867159020018780,2015-10-25 08:26:08
139089,23.000915,120.1672972,AndroidDevice_867159020018780,2015-10-25 08:27:35
139092,23.0008425,120.1672798,AndroidDevice_867159020018780,2015-10-25 08:27:51
139102,23.0006228,120.167419,AndroidDevice_867159020018780,2015-10-25 08:29:08
139111,23.0008398,120.1673272,AndroidDevice_867159020018780,2015-10-25 08:30:09
139121,23.0006123,120.1673282,AndroidDevice_867159020018780,2015-10-25 08:30:57
139135,23.0005154,120.1673508,AndroidDevice_867159020018780,2015-10-25 08:32:11
139139,23.0007273,120.1673809,AndroidDevice_867159020018780,2015-10-25 08:32:32
139148,23.000728,120.167357,AndroidDevice_867159020018780,2015-10-25 08:33:31
139156,23.0004041,120.1672422,AndroidDevice_867159020018780,2015-10-25 08:34:11
139173,23.0003888,120.1672695,AndroidDevice_867159020018780,2015-10-25 08:35:14
139176,23.0003888,120.1672695,AndroidDevice_867159020018780,2015-10-25 08:35:34
139179,23.0003946,120.1672366,AndroidDevice_867159020018780,2015-10-25 08:35:55
139185,23.0004582,120.1673194,AndroidDevice_867159020018780,2015-10-25 08:36:33
139189,23.0005858,120.167368,AndroidDevice_867159020018780,2015-10-25 08:37:15
139193,23.0007725,120.1673651,AndroidDevice_867159020018780,2015-10-25 08:37:35
139196,23.0007556,120.1673254,AndroidDevice_867159020018780,2015-10-25 08:37:55
139200,23.0005447,120.1676003,AndroidDevice_867159020018780,2015-10-25 08:38:14
139207,23.0005303,120.1676861,AndroidDevice_867159020018780,2015-10-25 08:38:54
139216,23.0005021,120.1676852,AndroidDevice_867159020018780,2015-10-25 08:39:15
139221,23.0004735,120.167697,AndroidDevice_867159020018780,2015-10-25 08:39:35
139226,23.0003645,120.1677816,AndroidDevice_867159020018780,2015-10-25 08:39:55
139237,23.0002815,120.1679889,AndroidDevice_867159020018780,2015-10-25 08:40:35
139248,23.000136,120.1681919,AndroidDevice_867159020018780,2015-10-25 08:40:56
139251,23.0000815,120.168192,AndroidDevice_867159020018780,2015-10-25 08:41:15
139260,23.0000263,120.1682646,AndroidDevice_867159020018780,2015-10-25 08:41:56
139264,23.0000238,120.16829,AndroidDevice_867159020018780,2015-10-25 08:42:15
139268,23.0000533,120.1682735,AndroidDevice_867159020018780,2015-10-25 08:42:35
139273,23.0001498,120.16813,AndroidDevice_867159020018780,2015-10-25 08:42:58
139285,23.0004154,120.1677176,AndroidDevice_867159020018780,2015-10-25 08:44:18
139298,23.0005135,120.1676041,AndroidDevice_867159020018780,2015-10-25 08:45:39
139305,23.0007315,120.1672746,AndroidDevice_867159020018780,2015-10-25 08:46:40
139314,23.001013,120.1676419,AndroidDevice_867159020018780,2015-10-25 08:47:42
139319,23.0004568,120.1678749,AndroidDevice_867159020018780,2015-10-25 08:48:22
139334,23.0003872,120.1678929,AndroidDevice_867159020018780,2015-10-25 08:49:23
139341,23.0004346,120.1678735,AndroidDevice_867159020018780,2015-10-25 08:50:04
139346,23.0003006,120.16797,AndroidDevice_867159020018780,2015-10-25 08:50:45
139353,23.0002972,120.1679072,AndroidDevice_867159020018780,2015-10-25 08:51:26
139357,23.0001652,120.1679324,AndroidDevice_867159020018780,2015-10-25 08:51:46
139360,23.0001933,120.1679132,AndroidDevice_867159020018780,2015-10-25 08:52:06
139364,23.0001832,120.1679055,AndroidDevice_867159020018780,2015-10-25 08:52:27
139380,23.0004671,120.1678212,AndroidDevice_867159020018780,2015-10-25 08:54:08
139387,23.0008586,120.1677383,AndroidDevice_867159020018780,2015-10-25 08:54:51
139390,23.0010766,120.1678894,AndroidDevice_867159020018780,2015-10-25 08:55:09
139402,23.0012155,120.1680185,AndroidDevice_867159020018780,2015-10-25 08:56:32
139414,23.0012155,120.1680185,AndroidDevice_867159020018780,2015-10-25 08:56:43
139420,23.001129,120.1682024,AndroidDevice_867159020018780,2015-10-25 08:57:10
139428,23.0006028,120.1683427,AndroidDevice_867159020018780,2015-10-25 08:58:12
139435,23.0003915,120.1684285,AndroidDevice_867159020018780,2015-10-25 08:58:52
139442,23.0005015,120.1685029,AndroidDevice_867159020018780,2015-10-25 08:59:35
139445,23.0005333,120.1684599,AndroidDevice_867159020018780,2015-10-25 08:59:52
139459,23.0009084,120.1680627,AndroidDevice_867159020018780,2015-10-25 09:00:53
139465,23.0011122,120.168194,AndroidDevice_867159020018780,2015-10-25 09:01:12
139474,23.0012031,120.1682535,AndroidDevice_867159020018780,2015-10-25 09:02:14
139477,23.0012973,120.1682564,AndroidDevice_867159020018780,2015-10-25 09:02:31
139479,23.0012973,120.1682564,AndroidDevice_867159020018780,2015-10-25 09:02:39
139482,23.0012973,120.1682564,AndroidDevice_867159020018780,2015-10-25 09:02:51
139484,23.0012836,120.1681909,AndroidDevice_867159020018780,2015-10-25 09:03:04
139487,23.0012443,120.1682013,AndroidDevice_867159020018780,2015-10-25 09:03:21
139491,23.0012443,120.1682013,AndroidDevice_867159020018780,2015-10-25 09:03:32
139495,23.0012805,120.1681263,AndroidDevice_867159020018780,2015-10-25 09:04:07
139580,23.001251,120.1681302,AndroidDevice_867159020018780,2015-10-25 09:12:31
139584,23.0012246,120.1682269,AndroidDevice_867159020018780,2015-10-25 09:12:40
139588,23.0012246,120.1682269,AndroidDevice_867159020018780,2015-10-25 09:12:48
139597,23.0012246,120.1682269,AndroidDevice_867159020018780,2015-10-25 09:12:57
139664,23.0012137,120.1681718,AndroidDevice_867159020018780,2015-10-25 09:20:40
139669,23.0012137,120.1681718,AndroidDevice_867159020018780,2015-10-25 09:20:48
139778,23.001232,120.1681759,AndroidDevice_867159020018780,2015-10-25 09:32:30
139780,23.0012041,120.1682416,AndroidDevice_867159020018780,2015-10-25 09:32:38
139786,23.0012041,120.1682416,AndroidDevice_867159020018780,2015-10-25 09:32:46
139789,23.0012041,120.1682416,AndroidDevice_867159020018780,2015-10-25 09:32:54
139791,23.0012041,120.1682416,AndroidDevice_867159020018780,2015-10-25 09:33:02
139840,23.0012158,120.1681909,AndroidDevice_867159020018780,2015-10-25 09:44:40
139845,23.0012158,120.1681909,AndroidDevice_867159020018780,2015-10-25 09:44:49
139849,23.0012158,120.1681909,AndroidDevice_867159020018780,2015-10-25 09:44:57
139852,23.0012109,120.1681815,AndroidDevice_867159020018780,2015-10-25 09:45:05
139853,23.0012109,120.1681815,AndroidDevice_867159020018780,2015-10-25 09:45:13
139865,22.9999608,120.1678361,AndroidDevice_867159020018780,2015-10-25 09:52:40
139869,22.9999608,120.1678361,AndroidDevice_867159020018780,2015-10-25 09:52:48
139884,22.9996818,120.1683023,AndroidDevice_867159020018780,2015-10-25 10:00:41
139887,22.9996818,120.1683023,AndroidDevice_867159020018780,2015-10-25 10:00:49
139900,23.0009355,120.1673915,AndroidDevice_867159020018780,2015-10-25 10:05:45
139902,23.0009355,120.1673915,AndroidDevice_867159020018780,2015-10-25 10:05:54
141116,22.9966524,120.2009128,AndroidDevice_867159020018780,2015-10-25 14:17:59
141117,22.9966524,120.2009128,AndroidDevice_867159020018780,2015-10-25 14:18:11
141118,22.9963608,120.2008667,AndroidDevice_867159020018780,2015-10-25 14:18:21
141119,22.9962368,120.2008124,AndroidDevice_867159020018780,2015-10-25 14:18:31
141120,22.9962368,120.2008124,AndroidDevice_867159020018780,2015-10-25 14:18:39
141121,22.996399,120.2008551,AndroidDevice_867159020018780,2015-10-25 14:19:12
141122,22.9965286,120.2008823,AndroidDevice_867159020018780,2015-10-25 14:19:53
141123,22.9970569,120.2010624,AndroidDevice_867159020018780,2015-10-25 14:20:32
141125,22.9969289,120.2009135,AndroidDevice_867159020018780,2015-10-25 14:21:33
141126,22.9969685,120.2009068,AndroidDevice_867159020018780,2015-10-25 14:21:58
141127,22.9970613,120.2009852,AndroidDevice_867159020018780,2015-10-25 14:22:56
141128,22.99709,120.2010435,AndroidDevice_867159020018780,2015-10-25 14:23:15
141129,22.9970191,120.2010577,AndroidDevice_867159020018780,2015-10-25 14:23:54
141132,22.9970415,120.201006,AndroidDevice_867159020018780,2015-10-25 14:24:34
141137,22.9970745,120.2010105,AndroidDevice_867159020018780,2015-10-25 14:24:55
141143,22.9969129,120.2009203,AndroidDevice_867159020018780,2015-10-25 14:25:34
141148,22.9963174,120.2008417,AndroidDevice_867159020018780,2015-10-25 14:25:56
141151,22.9962118,120.2007873,AndroidDevice_867159020018780,2015-10-25 14:26:16
141154,22.9962118,120.2007873,AndroidDevice_867159020018780,2015-10-25 14:26:37
141156,22.996223,120.2007991,AndroidDevice_867159020018780,2015-10-25 14:26:56
141157,22.9962661,120.2008029,AndroidDevice_867159020018780,2015-10-25 14:27:16
141159,22.9961998,120.200793,AndroidDevice_867159020018780,2015-10-25 14:27:36
141160,22.9958542,120.200836,AndroidDevice_867159020018780,2015-10-25 14:27:56
141161,22.9957313,120.200937,AndroidDevice_867159020018780,2015-10-25 14:28:17
141162,22.9956074,120.2012375,AndroidDevice_867159020018780,2015-10-25 14:28:37
141166,22.9955983,120.2012266,AndroidDevice_867159020018780,2015-10-25 14:28:57
141167,22.9954854,120.2013933,AndroidDevice_867159020018780,2015-10-25 14:29:17
141168,22.9954561,120.2014625,AndroidDevice_867159020018780,2015-10-25 14:29:38
141169,22.9954414,120.2016236,AndroidDevice_867159020018780,2015-10-25 14:29:57
141170,22.9954195,120.2016672,AndroidDevice_867159020018780,2015-10-25 14:30:17
141171,22.9954079,120.2016433,AndroidDevice_867159020018780,2015-10-25 14:30:38
141173,22.9954868,120.2015009,AndroidDevice_867159020018780,2015-10-25 14:31:59
141174,22.9954868,120.2015009,AndroidDevice_867159020018780,2015-10-25 14:32:07
141175,22.9954892,120.2014673,AndroidDevice_867159020018780,2015-10-25 14:32:19
141177,22.9959996,120.200786,AndroidDevice_867159020018780,2015-10-25 14:33:39
141181,22.9958372,120.2006291,AndroidDevice_867159020018780,2015-10-25 14:35:00
141182,22.9959008,120.2005824,AndroidDevice_867159020018780,2015-10-25 14:36:22
141189,22.9959169,120.2005812,AndroidDevice_867159020018780,2015-10-25 14:37:04
141190,22.9958866,120.2005824,AndroidDevice_867159020018780,2015-10-25 14:37:23
141192,22.9958844,120.2005822,AndroidDevice_867159020018780,2015-10-25 14:38:24
141194,22.9958428,120.2006146,AndroidDevice_867159020018780,2015-10-25 14:39:06
141195,22.9958906,120.2005842,AndroidDevice_867159020018780,2015-10-25 14:39:26
141198,22.9958679,120.2005575,AndroidDevice_867159020018780,2015-10-25 14:39:46
141201,22.9958679,120.2005575,AndroidDevice_867159020018780,2015-10-25 14:40:06
141202,22.9958679,120.2005575,AndroidDevice_867159020018780,2015-10-25 14:40:27
141205,22.9958866,120.2005824,AndroidDevice_867159020018780,2015-10-25 14:40:45
141206,22.9959083,120.2003438,AndroidDevice_867159020018780,2015-10-25 14:41:24
141207,22.9958729,120.2006331,AndroidDevice_867159020018780,2015-10-25 14:41:47
141208,22.995896,120.2005824,AndroidDevice_867159020018780,2015-10-25 14:43:08
141210,22.9959033,120.2005839,AndroidDevice_867159020018780,2015-10-25 14:44:31
141223,22.9958557,120.2006126,AndroidDevice_867159020018780,2015-10-25 14:45:31
141226,22.9958923,120.2005819,AndroidDevice_867159020018780,2015-10-25 14:46:10
141227,22.9961013,120.2,AndroidDevice_867159020018780,2015-10-25 14:47:22
141229,22.9960106,120.2000432,AndroidDevice_867159020018780,2015-10-25 14:47:55
141230,22.9960748,120.1999144,AndroidDevice_867159020018780,2015-10-25 14:48:15
141231,22.9960507,120.1998816,AndroidDevice_867159020018780,2015-10-25 14:48:35
141234,22.9960851,120.1998139,AndroidDevice_867159020018780,2015-10-25 14:48:57
141235,22.9960658,120.1998888,AndroidDevice_867159020018780,2015-10-25 14:49:14
141237,22.9959697,120.2000372,AndroidDevice_867159020018780,2015-10-25 14:49:58
141238,22.9961248,120.1998275,AndroidDevice_867159020018780,2015-10-25 14:51:18
141239,22.9966149,120.1999504,AndroidDevice_867159020018780,2015-10-25 14:52:17
141243,22.99677,120.2000172,AndroidDevice_867159020018780,2015-10-25 14:53:39
141246,22.9968742,120.2000674,AndroidDevice_867159020018780,2015-10-25 14:54:20
141247,22.9967642,120.2000329,AndroidDevice_867159020018780,2015-10-25 14:55:21
141248,22.9968467,120.2000584,AndroidDevice_867159020018780,2015-10-25 14:56:22
141252,22.996813,120.2000652,AndroidDevice_867159020018780,2015-10-25 14:57:22
141253,22.996799,120.2000568,AndroidDevice_867159020018780,2015-10-25 14:58:03
141254,22.9968043,120.2000575,AndroidDevice_867159020018780,2015-10-25 14:59:04
